Year,Surface mass balance anomaly (Gt/yr),Surface mass balance anomaly uncertainty (Gt/yr),Cumulative surface mass balance anomaly (Gt),Cumulative surface mass balance anomaly uncertainty (Gt),Dynamics mass balance anomaly (Gt/yr),Dynamics mass balance anomaly uncertainty (Gt/yr),Cumulative dynamics mass balance anomaly (Gt),Cumulative dynamics mass balance anomaly uncertainty (Gt),Mass balance (Gt/yr),Mass balance uncertainty (Gt/yr),Cumulative mass balance (Gt),Cumulative mass balance uncertainty (Gt)
1979.0,32.62811469068244,48.470296589939494,2.71900955755687,13.992169391951284,,,,,,,,
1979.0833333333333,32.62811469068244,29.427384746850244,5.43801911511374,13.992169391951284,,,,,,,,
1979.1666666666665,32.62811469068244,46.149057004672414,8.15702867267061,16.36902721747145,,,,,,,,
1979.2499999999998,32.62811469068244,40.8529843835395,10.87603823022748,21.10504696152155,,,,,,,,
1979.333333333333,32.62811469068244,60.63512960357555,13.595047787784347,24.176507915774494,,,,,,,,
1979.4166666666663,32.62811469068244,30.249315370029265,16.314057345341215,29.84775446894412,,,,,,,,
1979.4999999999995,32.62811469068244,36.292018658284604,19.033066902898085,31.098877850087526,,,,,,,,
1979.5833333333328,32.62811469068244,32.807286655146896,21.752076460454955,32.816145747570225,,,,,,,,
1979.666666666666,32.62811469068244,35.83813084761554,24.47108601801182,34.15541821144223,,,,,,,,
1979.7499999999993,32.62811469068244,41.46872651410274,27.19009557556869,35.687862947404874,,,,,,,,
1979.8333333333326,32.62811469068244,37.66469770547449,29.90910513312556,37.64210632139503,,,,,,,,
1979.9166666666658,32.62811469068244,35.27726573043038,32.62811469068243,39.1809556980804,,,,,,,,
1979.999999999999,32.62811469068244,39.94383622789387,35.3471242482393,40.48276685866332,,,,,,,,
1980.0833333333323,32.62811469068244,24.086278614679614,38.06613380579616,42.092916073645405,,,,,,,,
1980.1666666666656,32.62811469068244,35.34324848509668,40.785143363353036,42.66332521469645,,,,,,,,
1980.2499999999989,32.62811469068244,45.1970561630878,43.50415292090991,43.86632823512314,,,,,,,,
1980.3333333333321,32.62811469068244,40.440396428515896,46.223162478466776,45.7655537493248,,,,,,,,
1980.4166666666654,32.62811469068244,40.91973064068739,48.94217203602364,47.231042566553946,,,,,,,,
1980.4999999999986,32.62811469068244,32.182860960084696,51.661181593580515,48.68579613089597,,,,,,,,
1980.583333333332,32.62811469068244,39.918283405140805,54.38019115113738,49.56428273663583,,,,,,,,
1980.6666666666652,32.33772936145071,27.66812406372879,57.07500193125827,50.88621852425538,,,,,,,,
1980.7499999999984,29.854083189296166,26.767298032510148,59.56284219703295,51.509232115535326,,,,,,,,
1980.8333333333317,27.38205236477772,32.476264899920096,61.84467989409776,52.08558674715618,,,,,,,,
1980.916666666665,25.132816663813767,21.168508053376627,63.9390812827489,52.922591224822696,,,,,,,,
1980.9999999999982,23.745261973188043,24.97206740979519,65.9178531138479,53.27422271965591,,,,,,,,
1981.0833333333314,23.10562335242734,24.335781185159785,67.84332172655017,53.75974161901682,,,,,,,,
1981.1666666666647,22.207602044327793,20.883795458649395,69.69395523024416,54.21680864302553,,,,,,,,
1981.249999999998,21.61974464431814,34.4527762182259,71.49560061727068,54.55095552628759,,,,,,,,
1981.3333333333312,21.880427659941404,30.064572539416346,73.31896958893246,55.4501839304999,,,,,,,,
1981.4166666666645,21.77936101087652,42.274920297772454,75.13391633983883,56.12527156362888,,,,,,,,
1981.4999999999977,19.80885368012031,47.83875815852433,76.78465414651554,57.4367203851886,,,,,,,,
1981.583333333331,15.026253367173457,37.28407132815833,78.03684192711331,59.07359038057662,,,,,,,,
1981.6666666666642,8.506427924120612,23.985820752270985,78.74571092079005,60.046073241185,,,,,,,,
1981.7499999999975,1.36623574609441,27.168129833861975,78.85956389963124,60.44397580776013,,,,,,,,
1981.8333333333308,-4.102278335429936,22.03517863920276,78.51770737167875,60.95066161526242,,,,,,,,
1981.916666666664,-6.849054803760928,20.79026953594741,77.94695280469867,61.281690382555176,,,,,,,,
1981.9999999999973,-8.060238202274721,19.103954737539162,77.27526628784244,61.57487462505683,,,,,,,,
1982.0833333333305,-9.01842038964987,22.905906699750158,76.52373125537162,61.82134428315162,,,,,,,,
1982.1666666666638,-9.260676135445127,21.254050541362048,75.75200824408452,62.17396552513575,,,,,,,,
1982.249999999997,-8.66407260791851,25.923725681160438,75.03000219342465,62.47596773551143,,,,,,,,
1982.3333333333303,-7.460946450586578,30.355821096663075,74.40825665587577,62.92257020011185,,,,,,,,
1982.4166666666636,-6.367236165587001,32.09877587745253,73.87765364207685,63.529831550165376,,,,,,,,
1982.4999999999968,-7.352852749063653,37.56712806488091,73.26491591298822,64.20202837809434,,,,,,,,
1982.58333333333,-10.205509549845777,28.698736223701456,72.4144567838344,65.11150339058295,,,,,,,,
1982.6666666666633,-14.976788874857558,36.38922605852896,71.16639104426294,65.63644309516648,,,,,,,,
1982.7499999999966,-20.276979487155327,36.99594685787916,69.47664275366665,66.47172815024386,,,,,,,,
1982.8333333333298,-23.557961516839256,30.975766336949864,67.51347929393005,67.3242080057823,,,,,,,,
1982.916666666663,-25.466178749980212,20.08715944125286,65.39129773143169,67.91544123849366,,,,,,,,
1982.9999999999964,-24.633343758607797,14.90442103303046,63.33851908488105,68.16253851264253,,,,,,,,
1983.0833333333296,-20.68884631185443,20.87645640365743,61.61444855889318,68.29819522028599,,,,,,,,
1983.1666666666629,-15.348694069281306,20.798709534556355,60.3353907197864,68.56356422823603,,,,,,,,
1983.2499999999961,-10.224735995056065,26.199168545057006,59.48332938686506,68.82594859163234,,,,,,,,
1983.3333333333294,-4.714600518230065,36.54807666287802,59.090446010345886,69.24024048371277,,,,,,,,
1983.4166666666626,0.5641912770269555,31.591674067750937,59.13746195009813,70.03944884531391,,,,,,,,
1983.499999999996,3.858839258945879,21.56230014908721,59.45903188834362,70.63068655871606,,,,,,,,
1983.5833333333292,5.36858147793697,20.779992298070017,59.906413678171695,70.90443062836205,,,,,,,,
1983.6666666666624,5.03658371055973,30.950435423976213,60.326128987385005,71.15772824782415,,,,,,,,
1983.7499999999957,2.666275524803664,31.22741895639151,60.54831861445197,71.71645378713545,,,,,,,,
1983.833333333329,0.23548671030298435,23.28135114616142,60.567942506977225,72.28078849200182,,,,,,,,
1983.9166666666622,-1.9698009664673117,14.973758301639208,60.40379242643828,72.59256730289087,,,,,,,,
1983.9999999999955,-2.1834672023149553,14.242381017633024,60.22183682624536,72.72114741094505,,,,,,,,
1984.0833333333287,0.593075806445273,20.67285606004912,60.2712598101158,72.8372779936118,,,,,,,,
1984.166666666662,3.583631719992395,27.493378997162587,60.569895786781835,73.0813449542721,,,,,,,,
1984.2499999999952,7.287611412463823,39.111723636056105,61.17719673782048,73.51104319113408,,,,,,,,
1984.3333333333285,12.154805608998082,36.26609677219891,62.19009720523699,74.37305099875928,,,,,,,,
1984.4166666666617,18.54137671895062,35.33221037945724,63.7352119318162,75.10627933882488,,,,,,,,
1984.499999999995,24.150975258225287,34.18976148482504,65.74779320333498,75.79567019502572,,,,,,,,
1984.5833333333283,26.81581829714099,29.39516625059464,67.98244472809672,76.43556285860798,,,,,,,,
1984.6666666666615,27.115019101473937,25.24610470415766,70.24202965321955,76.9051466813972,,,,,,,,
1984.7499999999948,25.640943317645885,28.659988458413707,72.37877492969004,77.24969516432839,,,,,,,,
1984.833333333328,24.412914885988638,38.46869136710706,74.41318450352243,77.69147302751246,,,,,,,,
1984.9166666666613,25.53688662648078,17.08197640530078,76.54125838906249,78.48111237197674,,,,,,,,
1984.9999999999945,27.00657449220905,24.047603186679964,78.79180626341325,78.63587704711367,,,,,,,,
1985.0833333333278,27.53345506398399,21.267632673149727,81.08626085207858,78.94169849043097,,,,,,,,
1985.166666666661,27.646028501854822,20.09132479939434,83.39009656056648,79.18007605355938,,,,,,,,
1985.2499999999943,27.541830366105977,30.05035080318218,85.68524909107532,79.39220924119073,,,,,,,,
1985.3333333333276,27.60402309547014,28.010295701210474,87.98558434903117,79.86472846933039,,,,,,,,
1985.4166666666608,27.742205026003315,45.308602197912265,90.29743476786479,80.27301067141002,,,,,,,,
1985.499999999994,25.958109002219096,47.352434346410654,92.4606105180497,81.33159715026522,,,,,,,,
1985.5833333333273,21.204089046909928,28.367271395339234,94.22761793862554,82.4723172639803,,,,,,,,
1985.6666666666606,14.144992180918198,25.858053007778196,95.4063672870354,82.87787172757291,,,,,,,,
1985.7499999999939,6.56864762167478,29.18907090064291,95.95375458884162,83.213349475138,,,,,,,,
1985.8333333333271,0.07656233193295804,35.30574620514619,95.96013478316938,83.63887664163724,,,,,,,,
1985.9166666666604,-5.913484193469722,31.248346563763967,95.46734443371356,84.2575594756945,,,,,,,,
1985.9999999999936,-10.377103332066197,16.443309062234224,94.60258582270806,84.73905785241116,,,,,,,,
1986.083333333327,-13.492152345578813,14.270793404217255,93.47823979390982,84.87190226133323,,,,,,,,
1986.1666666666601,-15.08177755178251,18.600863408077025,92.22142499792794,84.97182526474754,,,,,,,,
1986.2499999999934,-15.67651403373887,31.156705944379155,90.9150488284497,85.14131644184243,,,,,,,,
1986.3333333333267,-15.74185143882337,35.70562477261747,89.60322787521442,85.61506171555715,,,,,,,,
1986.41666666666,-15.463423042309513,26.890282922959372,88.31460928835527,86.23328685949666,,,,,,,,
1986.4999999999932,-17.205339061528672,23.775286414361343,86.88083103322788,86.58196716925897,,,,,,,,
1986.5833333333264,-20.583641598272337,27.769195233079166,85.16552756670518,86.85356868069604,,,,,,,,
1986.6666666666597,-25.145025198163065,20.01120238300202,83.07010880019159,87.22272110081249,,,,,,,,
1986.749999999993,-30.797772332433844,25.843981541890447,80.50362777248877,87.41380761240131,,,,,,,,
1986.8333333333262,-36.114433983849906,31.515517328804687,77.49409160716795,87.7315966065023,,,,,,,,
1986.9166666666595,-40.197383075813896,22.104353607569788,74.14430968418345,88.20205229566878,,,,,,,,
1986.9999999999927,-42.382999604196385,13.533985169885524,70.61239305050042,88.43256696414844,,,,,,,,
1987.083333333326,-42.18762682658237,21.008922696596905,67.09675748161855,88.51882829517206,,,,,,,,
1987.1666666666592,-39.94494321898362,24.86919570833892,63.76801221336992,88.72634444640883,,,,,,,,
1987.2499999999925,-35.30415466132317,26.012902281906126,60.82599932492632,89.01631277517484,,,,,,,,
1987.3333333333258,-29.82084118976884,26.729555234831913,58.340929225778915,89.33248679613568,,,,,,,,
1987.416666666659,-22.618468729051145,31.925641111680825,56.45605683169131,89.66511189291751,,,,,,,,
1987.4999999999923,-16.224583198914008,29.42681931851444,55.10400823178181,90.13750331651862,,,,,,,,
1987.5833333333255,-12.088648611758494,35.34735473737261,54.09662084746861,90.536903960406,,,,,,,,
1987.6666666666588,-10.533453733716163,36.35461394251844,53.218833036325584,91.1101015400959,,,,,,,,
1987.749999999992,-10.703921714593765,28.073280553940123,52.32683956010944,91.71253330682624,,,,,,,,
1987.8333333333253,-10.035419863376319,25.976694324343082,51.49055457149475,92.06988933582322,,,,,,,,
1987.9166666666586,-8.09287465289856,15.233948624861535,50.816148350419866,92.3747633807295,,,,,,,,
1987.9999999999918,-6.178097472544682,17.74714260083802,50.30130689437448,92.47938333598741,,,,,,,,
1988.083333333325,-4.599339142653057,26.306852785586035,49.91802863248672,92.62118061263874,,,,,,,,
1988.1666666666583,-2.4185619690366704,29.500872899031812,49.716481801733664,92.93198573886848,,,,,,,,
1988.2499999999916,-0.03437512908374223,25.405888463309218,49.71361720764335,93.32137535698698,,,,,,,,
1988.3333333333248,2.220305448380366,35.5289830919948,49.89864266167505,93.6091200822361,,,,,,,,
1988.416666666658,5.066913513719483,29.504803945302996,50.320885454485,94.16931426531559,,,,,,,,
1988.4999999999914,6.9037865327272625,29.542668294256877,50.896200998878946,94.55371068262737,,,,,,,,
1988.5833333333246,6.565830649644997,39.186239982766466,51.44335355301603,94.93753196014055,,,,,,,,
1988.6666666666579,4.839344545673719,53.731463268664996,51.846632265155506,95.60909174871894,,,,,,,,
1988.7499999999911,1.7088386551257198,27.119866407203887,51.989035486415986,96.85911213594868,,,,,,,,
1988.8333333333244,-1.842220762192203,38.06280278688618,51.83551708956663,97.17498752213108,,,,,,,,
1988.9166666666576,-5.173087558392473,17.705449730049956,51.404426459700595,97.7942207542234,,,,,,,,
1988.999999999991,-7.664284840945955,17.71064378101456,50.76573605628843,97.92769369337965,,,,,,,,
1989.0833333333242,-9.934998643818368,18.675516791967812,49.9378195026369,98.0610631224199,,,,,,,,
1989.1666666666574,-11.921106140081635,21.47910168586892,48.94439399096343,98.20914762885623,,,,,,,,
1989.2499999999907,-12.9117075681378,32.67826460945602,47.86841836028528,98.40468821194005,,,,,,,,
1989.333333333324,-12.686181740037041,28.1185384296981,46.81123654861553,98.85581289726774,,,,,,,,
1989.4166666666572,-13.842043614228237,23.476643235425012,45.657732914096506,99.1885045113502,,,,,,,,
1989.4999999999905,-17.208470803488538,26.45388264810566,44.22369368047246,99.41976073865676,,,,,,,,
1989.5833333333237,-22.760556785113383,28.287112461586148,42.326980615046345,99.7126178120322,,,,,,,,
1989.666666666657,-29.358066172156647,35.37911222423052,39.880475100699954,100.04642028518364,,,,,,,,
1989.7499999999902,-36.178108985944355,25.453208174477556,36.865632685204595,100.56636122660912,,,,,,,,
1989.8333333333235,-42.00507074622327,28.168007486918423,33.36521012301932,100.83442778911676,,,,,,,,
1989.9166666666567,-45.97458307146966,23.479774716203814,29.533994867063512,101.16175931665347,,,,,,,,
1989.99999999999,-49.32332998201201,21.739887746712775,25.42371736856251,101.38857529212795,,,,,,,,
1990.0833333333233,-52.229352594031816,23.407076140318576,21.07127131905986,101.58261872176169,,,,,,,,
1990.1666666666565,-53.15601544406976,21.17685887960956,16.64160336538738,101.80710204838705,,,,,,,,
1990.2499999999898,-51.16566320832378,24.8441627991566,12.377798098027066,101.990478183789,,,,,,,,
1990.333333333323,-47.47245388352552,30.28668896090087,8.42176027439994,102.24232819918822,,,,,,,,
1990.4166666666563,-41.88982475967755,29.253690299140068,4.930941544426811,102.61546652239312,,,,,,,,
1990.4999999999895,-37.866640762725936,25.190155136453118,1.7753881475329827,102.96236611476813,,,,,,,,
1990.5833333333228,-35.94918855177117,19.911938274870785,-1.220377565114615,103.21883304708221,,,,,,,,
1990.666666666656,-36.12275711048692,23.38185010397879,-4.230607324321858,103.37875959833313,,,,,,,,
1990.7499999999893,-37.01379758296685,36.703972499305166,-7.315090456235763,103.59887634017576,,,,,,,,
1990.8333333333226,-36.83911531046533,16.131026682035376,-10.385016732107873,104.13929283440285,,,,,,,,
1990.9166666666558,-34.60239750832783,17.250627601829404,-13.26854985780186,104.24335221266735,,,,,,,,
1990.999999999989,-31.319726297194357,17.076879080319355,-15.878527049234725,104.36223052389359,,,,,,,,
1991.0833333333223,-26.838462898483034,22.236030232695903,-18.11506562410831,104.47859498408893,,,,,,,,
1991.1666666666556,-21.289544161183056,28.297870895568842,-19.8891943042069,104.67559519721749,,,,,,,,
1991.2499999999889,-15.162025746560479,36.17005784704089,-21.152696449753606,104.99386182690361,,,,,,,,
1991.3333333333221,-8.417737772010275,35.58777329943847,-21.85417459742113,105.51177080488122,,,,,,,,
1991.4166666666554,-1.3188265166931663,31.475560628518018,-21.96407680714556,106.01072860367863,,,,,,,,
1991.4999999999886,5.086908860869772,28.090101871058437,-21.540167735406413,106.39940705735205,,,,,,,,
1991.583333333322,9.958980346184996,28.379800899368533,-20.710252706557664,106.70795803226973,,,,,,,,
1991.6666666666551,14.696251308469588,24.689043312871764,-19.48556509751853,107.0219887017334,,,,,,,,
1991.7499999999884,19.243518192643336,33.570961958980305,-17.88193858146492,107.25904066316598,,,,,,,,
1991.8333333333217,22.952999512219037,38.98084321731822,-15.969188622113334,107.69595749711455,,,,,,,,
1991.916666666655,26.948537770763206,22.135101821620506,-13.7234771412164,108.28224587952877,,,,,,,,
1991.9999999999882,31.643289315911854,19.109242076346362,-11.086536364890412,108.47061814351319,-26.276589315911856,60.02310499076506,-2.189715776325988,17.32717791200769,5.3667,56.9,0.4472,16.4256
1992.0833333333214,36.974354610709014,18.31473307612086,-8.005340147331326,108.61079716813097,-31.607654610709012,59.77490650473286,-4.823686993885072,17.32717791200769,5.3667,56.9,0.8944,23.2293
1992.1666666666547,42.577433905689894,32.54722637264332,-4.457220655190502,108.73940277317917,-37.21073390568989,65.55098736519602,-7.924581486025897,24.45371917926794,5.3667,56.9,1.3417,28.45
1992.249999999988,48.455287034948476,32.27045252169469,-0.4192800689447959,109.14455801449908,-86.48788703494847,52.550051963009054,-15.131905405604934,30.920252970254044,-38.0326,41.4744,-1.8277,30.8666
1992.3333333333212,54.894547495957994,44.18898984316931,4.15526555571837,109.54139120142335,-92.927147495958,60.60356985128616,-22.875834363601438,34.44107587151448,-38.0326,41.4744,-4.9971,33.1072
1992.4166666666545,59.6746894022946,37.445902428142425,9.12815633924292,110.2816332016499,-85.3709894022946,56.31749136509867,-29.99008348045932,38.62970053918867,-25.6963,42.065,-7.1385,35.2639
1992.4999999999877,61.59186944745933,42.844524101227165,14.260812126531198,110.81014509366044,-87.28816944745932,60.04263044255003,-37.26409760108093,41.911320068515586,-25.6963,42.065,-9.2798,37.2961
1992.583333333321,60.65483420846439,39.55800971433372,19.31538164390323,111.49824823496763,-86.3511342084644,57.74340098711991,-44.460025451786294,45.35399878464166,-25.6963,42.065,-11.4212,39.2232
1992.6666666666542,57.35312807443274,24.484751854385664,24.094808983439293,112.08149878777083,-83.04942807443274,48.6720381571477,-51.380811124655686,48.32021904841927,-25.6963,42.065,-13.5625,41.0598
1992.7499999999875,53.18354823738538,34.61147139797754,28.52677133655474,112.30414489216614,-78.87984823738537,54.474013780269736,-57.95413181110447,50.32154121664124,-25.6963,42.065,-15.7039,42.8178
1992.8333333333208,50.72982091612738,30.079868524186644,32.75425641289869,112.7477292719831,-76.42612091612739,51.71327407380386,-64.32297522078174,52.721365294624235,-25.6963,42.065,-17.8452,44.5064
1992.916666666654,49.671856246201955,27.070950101118388,36.893577766748855,113.0816091598943,-75.36815624620195,50.02300035360975,-70.60365490796524,54.794138234077906,-25.6963,42.065,-19.9866,46.1333
1992.9999999999873,50.113979213931266,23.634718788096553,41.06974270124312,113.35131241030778,-75.07457921393126,48.769966786459925,-76.8598698424595,56.66500358992908,-24.9606,42.6604,-22.0666,47.7487
1993.0833333333205,50.190554873802135,34.887816738313376,45.252288940726636,113.55646181300543,-75.15115487380214,55.10961336215433,-83.12246608194302,58.38777072477914,-24.9606,42.6604,-24.1467,49.3112
1993.1666666666538,49.453621562907216,40.17712153532078,49.3734240709689,114.00219295793865,-74.41422156290722,58.601286871739745,-89.32365121218528,60.51628618771331,-24.9606,42.6604,-26.2267,50.8257
1993.249999999987,48.0068926047587,24.517114479449955,53.3739984546988,114.59064864605838,-72.96749260475869,49.2036444845141,-95.40427559591518,62.836269748226485,-24.9606,42.6604,-28.3068,52.2964
1993.3333333333203,46.8932746681511,27.04364097272485,57.28177134371139,114.80900443341078,-71.8538746681511,50.510080629728186,-101.39209848492777,64.42163209475333,-24.9606,42.6604,-30.3868,53.7268
1993.4166666666536,46.73167986836798,32.12239603464828,61.176077999408726,115.0741241204095,-71.69227986836799,53.401854416928145,-107.36645514062509,66.05113450088164,-24.9606,42.6604,-32.4669,55.1201
1993.4999999999868,45.18338056492062,33.25011977355835,64.94135971315211,115.4471368318128,-70.14398056492061,54.08770833670046,-113.21178685436848,67.82624030160295,-24.9606,42.6604,-34.5469,56.4791
1993.58333333332,40.73524397798844,40.775242928854276,68.33596337798448,115.84546721707747,-65.69584397798843,59.01296606735744,-118.68644051920086,69.60020753951663,-24.9606,42.6604,-36.627,57.8061
1993.6666666666533,34.140772553661236,38.07165798986112,71.18102775745625,116.44193393161774,-59.101372553661236,57.17832517883814,-123.61155489867262,71.654725849377,-24.9606,42.6604,-38.707,59.1034
1993.7499999999866,27.10488919337441,26.69636772665333,73.43976852357079,116.95944413731615,-52.06548919337441,50.325001519688975,-127.95034566478715,73.53126189409139,-24.9606,42.6604,-40.7871,60.3727
1993.8333333333198,19.680143579344623,27.506224990953434,75.07978048851618,117.21306629549895,-44.64074357934462,50.75925670666338,-131.67040762973252,74.95263142301174,-24.9606,42.6604,-42.8671,61.616
1993.916666666653,14.104517237151901,14.721519149103486,76.2551569249455,117.48171039853018,-39.0651172371519,45.129068838359835,-134.92583406616185,76.37149644349167,-24.9606,42.6604,-44.9472,62.8346
1993.9999999999864,10.078626006017947,15.273295856727323,77.095042425447,117.55854940696105,-45.56772600601795,44.82951396766559,-138.72314456666336,77.47467246485381,-35.4891,42.1475,-47.9046,64.0017
1994.0833333333196,7.632343473778735,17.12542300594251,77.7310710482619,117.64120027664411,-43.12144347377873,45.49386628307672,-142.31659818947824,78.54806586045137,-35.4891,42.1475,-50.862,65.1479
1994.1666666666529,5.640477746398824,25.81481768689845,78.2011108604618,117.7450296698642,-41.12957774639882,49.42485779906509,-145.74406300167814,79.63838881385249,-35.4891,42.1475,-53.8194,66.2743
1994.2499999999861,3.3591591585610665,40.222298853035426,78.48104079034188,117.98061597698094,-38.84825915856106,58.26015002789553,-148.98141793155824,80.90637193841921,-35.4891,42.1475,-56.7769,67.3819
1994.3333333333194,1.5676469165687794,36.74960537211294,78.61167803338928,118.55060181230527,-37.05674691656878,55.9190955868926,-152.06948017460564,82.63591699140616,-35.4891,42.1475,-59.7343,68.4716
1994.4166666666526,-0.14989011965183838,43.44717926828007,78.59918719008498,119.02432376609802,-35.339209880348164,60.531554933109604,-155.0144143313013,84.19782389081426,-35.4891,42.1475,-62.6917,69.5442
1994.499999999986,-2.9810738937216907,29.191977529140097,78.35076436560816,119.68330890385022,-32.50802610627831,51.26971141241016,-157.72341650682452,85.99193359360464,-35.4891,42.1475,-65.6491,70.6005
1994.5833333333192,-7.293442536820127,24.054846450119072,77.74297748753982,119.97961796146703,-28.195657463179874,48.528830544211615,-160.07305462875618,87.25629634698515,-35.4891,42.1475,-68.6065,71.6412
1994.6666666666524,-12.179467621951543,23.09997998757448,76.72802185237718,120.1803992448761,-23.309632378048455,48.0626760769346,-162.01552399359355,88.37372461140225,-35.4891,42.1475,-71.564,72.667
1994.7499999999857,-16.562840538364306,25.8088858897991,75.34778514084682,120.36525987846333,-18.926259461635695,49.421759854568826,-163.5927122820632,89.4562291719531,-35.4891,42.1475,-74.5214,73.6786
1994.833333333319,-21.000586175880677,29.720002072181263,73.59773629285677,120.59562181736146,-14.488513824119323,51.57218513327178,-164.80008843407313,90.58675105440024,-35.4891,42.1475,-77.4788,74.6764
1994.9166666666522,-24.67633425930955,27.93440769743559,71.54137510458098,120.90041581861331,-10.812765740690452,50.56424517044182,-165.70115224579732,91.8019625237405,-35.4891,42.1475,-80.4362,75.6611
1994.9999999999854,-27.975987194270008,16.519398706989307,69.2100428383918,121.16904777856493,-18.946612805729995,45.07581357813168,-167.28003664627482,92.95516247461264,-46.9226,41.9397,-84.3464,76.6236
1995.0833333333187,-29.148853537917876,23.426041176571665,66.78097171023198,121.26285093699357,-17.773746462082126,48.03871190296875,-168.76118218478166,93.86150068847455,-46.9226,41.9397,-88.2567,77.5742
1995.166666666652,-28.899305249931224,29.012790839089725,64.37269627273771,121.45126855849657,-18.02329475006878,50.99686724067243,-170.26312341395405,94.88040436043968,-46.9226,41.9397,-92.1669,78.5133
1995.2499999999852,-27.89815637292715,25.36085334412219,62.04784990832712,121.73970512459822,-19.024443627072852,49.011338672108046,-171.84849371621013,96.01569925779903,-46.9226,41.9397,-96.0771,79.4412
1995.3333333333185,-27.456879913881718,30.81435650354613,59.75977658217031,121.95963899593708,-19.465720086118285,52.04289579584937,-173.47063705672,97.05251386320077,-46.9226,41.9397,-99.9873,80.3585
1995.4166666666517,-26.818669986212786,34.57112507549823,57.52488741665258,122.28360720573548,-19.300330013787214,54.26896668664093,-175.07899789120225,98.20842986934258,-46.119,41.8325,-103.8306,81.2608
1995.499999999985,-28.323842054746173,33.752941773445094,55.16456724542374,122.6901686444167,-17.795157945253827,53.7514570464055,-176.5619277199734,99.45010018180588,-46.119,41.8325,-107.6738,82.1532
1995.5833333333183,-32.33469904099935,25.624874055369855,52.47000899200713,123.0764636524474,-13.784300959000653,49.057030348397234,-177.71061946655678,100.65331930636395,-46.119,41.8325,-111.5171,83.036
1995.6666666666515,-38.521313842260994,28.007373319445108,49.25989950515205,123.29856211403417,-7.597686157739005,50.34253685011082,-178.34375997970173,101.64467541197533,-46.119,41.8325,-115.3603,83.9095
1995.7499999999848,-45.08341310122426,28.93415531052468,45.502948413383365,123.56335689060992,-1.0355868987757404,50.86396956376452,-178.43005888793303,102.67832110194709,-46.119,41.8325,-119.2036,84.774
1995.833333333318,-49.45505665186428,26.55595066178403,41.38169369239467,123.84534150048077,3.3360566518642827,49.54973836258985,-178.15205416694434,103.7228658861191,-46.119,41.8325,-123.0468,85.6298
1995.9166666666513,-51.52658768346641,22.571009924878666,37.08781138543914,124.0823791720644,5.40758768346641,47.53323621718777,-177.7014218599888,104.70449348179831,-46.119,41.8325,-126.89,86.4772
1995.9999999999845,-49.799428841380255,24.265282695625864,32.937858981990786,124.2533340736539,-2.053771158619746,48.499649414182784,-177.87256945654045,105.59978693501165,-51.8532,41.993,-131.2112,87.3227
1996.0833333333178,-46.65536292367077,21.70840814107376,29.049912071684886,124.4506248428559,-5.197837076329229,47.272264944885364,-178.30572254623453,106.52386117749117,-51.8532,41.993,-135.5323,88.1601
1996.166666666651,-42.9924524341398,22.819784188372605,25.467207702173237,124.60830338482886,-8.860747565860201,47.7928299999477,-179.0441181767229,107.3943911613313,-51.8532,41.993,-139.8534,88.9896
1996.2499999999843,-39.7223873314815,25.091862475645954,22.15700875788311,124.78230838135352,-12.130812668518502,48.91843835913745,-180.05501923243276,108.27696647731698,-51.8532,41.993,-144.1745,89.8115
1996.3333333333176,-36.03244032311013,36.493163092935966,19.154305397623933,124.99236489423637,-15.820759676889871,55.634189142357634,-181.37341587217358,109.19395253624664,-51.8532,41.993,-148.4956,90.6259
1996.4166666666508,-31.651220946833668,24.879040755571513,16.51670365205446,125.4355233891018,-20.201979053166333,48.80961706382656,-183.05691412660408,110.36869810147887,-51.8532,41.993,-152.8167,91.4331
1996.499999999984,-28.123010600082413,38.64557207598037,14.173119435380926,125.64096101049617,-22.54508939991759,57.002629301899695,-184.93567157659723,111.26446458974148,-50.6681,41.9025,-157.039,92.2297
1996.5833333333173,-26.682412848027077,25.568414368928188,11.94958503137867,126.13527567812926,-23.985687151972925,49.08730303847639,-186.93447883926163,112.47469075034607,-50.6681,41.9025,-161.2613,93.0196
1996.6666666666506,-26.314599743988037,23.750885511955126,9.756701719379667,126.35104440213162,-24.353500256011966,48.16559009139201,-188.9639371939293,113.36380816947377,-50.6681,41.9025,-165.4837,93.8028
1996.7499999999839,-25.23465099927523,18.66324574407171,7.653814136106731,126.53693190155829,-25.43344900072477,45.87086491394741,-191.08339127732305,114.21330924381324,-50.6681,41.9025,-169.706,94.5795
1996.8333333333171,-23.97611265812387,26.296301978983735,5.655804747929742,126.65157531669936,-26.691987341876132,49.470344692754104,-193.30772355581271,114.97836620752786,-50.6681,41.9025,-173.9284,95.3499
1996.9166666666504,-20.620148751175577,18.70863744569501,3.9374590186651104,126.87886409885505,-30.047951248824425,45.88935193837958,-195.81171949321478,115.86184709710977,-50.6681,41.9025,-178.1507,96.1141
1996.9999999999836,-13.973711685976248,16.331771596975614,2.7729830448337562,126.99375541578912,-24.89248831402375,45.018479606221476,-197.88609351938342,116.61669547938271,-38.8662,41.9516,-181.3895,96.874
1997.083333333317,-6.348965478768777,18.370220432676803,2.2439025882696915,127.08123836702484,-32.517234521231224,45.79739884868065,-200.59586306281938,117.33857971714048,-38.8662,41.9516,-184.6284,97.6281
1997.1666666666501,0.2428188028570448,27.681057513628843,2.2641374885077785,127.19183632657145,-39.109018802857044,50.26109516945316,-203.85494796305747,118.08101358168392,-38.8662,41.9516,-187.8673,98.3763
1997.2499999999834,6.380334703473559,30.8292045700811,2.7958320471305753,127.44260135533466,-45.24653470347356,52.06127732762527,-207.62549252168026,118.96907403094536,-38.8662,41.9516,-191.1061,99.1189
1997.3333333333167,12.086727327601489,33.705742971850725,3.803059324430699,127.75296458954189,-50.952927327601486,53.81462488807726,-211.8715697989804,119.91457497817305,-38.8662,41.9516,-194.345,99.856
1997.41666666665,16.976080801700494,43.80209195122379,5.217732724572407,128.12296068174945,-55.8422808017005,60.6511335579432,-216.5250931991221,120.91666460769414,-38.8662,41.9516,-197.5838,100.5877
1997.4999999999832,20.679378631682656,37.430265914841165,6.941014277212628,128.74540118181204,-59.54557863168266,56.22242923438759,-221.48722475176228,122.17768391433661,-38.8662,41.9516,-200.8227,101.3141
1997.5833333333164,22.070942985216185,34.95640084426996,8.780259525980645,129.19802782035944,-60.937142985216184,54.606654379711614,-226.5653200005303,123.25096311627559,-38.8662,41.9516,-204.0615,102.0353
1997.6666666666497,21.446142058006245,23.70746921813486,10.567438030814499,129.59151035466206,-60.312342058006244,48.18693639658794,-231.59134850536418,124.25494142139765,-38.8662,41.9516,-207.3004,102.7515
1997.749999999983,19.500472555891974,32.613611245290045,12.192477410472163,129.77209470476777,-58.366672555891974,53.13741037177959,-236.45523788502183,125.03115160194692,-38.8662,41.9516,-210.5392,103.4627
1997.8333333333162,17.683142082392155,30.73024152565698,13.666072584004842,130.11315793288597,-56.54934208239216,52.00273537791269,-241.16768305855453,125.96859755243476,-38.8662,41.9516,-213.7781,104.169
1997.9166666666495,16.58375379326968,27.152321775812467,15.048052066777316,130.4152196356707,-55.44995379326968,49.97184527688826,-245.788512541327,126.85994091868682,-38.8662,41.9516,-217.0169,104.8706
1997.9999999999827,15.78745313141676,24.016302420770877,16.363673161062046,130.65055259777893,-54.75075313141676,48.774707244697275,-250.35107530227842,127.67749757334225,-38.9633,42.4522,-220.2639,105.5842
1998.083333333316,15.636052408489347,21.8449944152061,17.666677528436157,130.83436905467727,-54.599352408489345,47.7429897036244,-254.9010213363192,128.4515124816545,-38.9633,42.4522,-223.5108,106.2931
1998.1666666666492,15.776619220576668,38.576163746939855,18.981395796817548,130.98625541515997,-54.73991922057667,57.361221171369046,-259.4626812713672,129.18877846383566,-38.9633,42.4522,-226.7577,106.9972
1998.2499999999825,15.564393140931713,32.62588010689716,20.278428558561856,131.4587735444263,-54.52769314093171,53.5409874543758,-264.0066556997782,130.2456638644856,-38.9633,42.4522,-230.0047,107.6967
1998.3333333333157,15.276015746171893,43.59877580787694,21.551429870742847,131.7957250680027,-54.23931574617189,60.852629662041025,-268.5265986786259,131.15951890846392,-38.9633,42.4522,-233.2516,108.3917
1998.416666666649,16.01301645749184,52.24833759210975,22.885847908867166,132.39530801302092,-54.97631645749183,67.32071052788339,-273.1079583834169,132.3306702105191,-38.9633,42.4522,-236.4986,109.0823
1998.4999999999823,15.748376468014953,37.568026704383804,24.19821261453508,133.25167284362425,-54.71167646801495,56.68814616215011,-277.66726475575143,133.7500633664526,-38.9633,42.4522,-239.7455,109.7685
1998.5833333333155,13.394913328071182,19.826949998095724,25.314455391874347,133.69226368104742,-52.35821332807118,46.85399909364181,-282.03044919975736,134.74744874568816,-38.9633,42.4522,-242.9924,110.4505
1998.6666666666488,8.44349854445237,21.726220067840686,26.01808027057871,133.81472401675993,-47.406798544452364,47.68876097442922,-285.9810157451284,135.42457819537083,-38.9633,42.4522,-246.2394,111.1283
1998.749999999982,3.452405767700016,24.115529679444577,26.305780751220382,133.96162168155217,-42.41570576770001,48.823642393416044,-289.5156578924367,136.1224982861655,-38.9633,42.4522,-249.4863,111.8019
1998.8333333333153,-0.05194309903328231,20.78531215445952,26.301452159634277,134.14238448204205,-38.911356900966716,47.267520415167986,-292.75827096751726,136.85021085496047,-38.9633,42.4522,-252.7332,112.4716
1998.9166666666486,-3.50299966798927,28.943627863549857,26.00953552063517,134.27651227215622,-35.460300332010725,51.38017982397161,-295.71329599518486,137.5287791151256,-38.9633,42.4522,-255.9802,113.1373
1998.9999999999818,-4.629669718025446,14.660789253923518,25.62372971079971,134.5362140124354,-37.457930281974555,45.45558093906577,-298.8347901853494,138.326276094333,-42.0876,43.0264,-259.4875,113.817
1999.083333333315,-3.477695636089311,19.54657170738827,25.333921741125604,134.60276536013473,-38.609904363910694,47.258222167915626,-302.0522822156753,138.94726629673085,-42.0876,43.0264,-262.9948,114.4927
1999.1666666666483,-0.6336255397694999,22.637588627436845,25.281119612811477,134.72098381984955,-41.453974460230505,48.61822205536786,-305.50678008736116,139.61538039034468,-42.0876,43.0264,-266.5021,115.1645
1999.2499999999816,1.526485460227418,27.445364459206772,25.408326734497095,134.8793850678953,-43.61408546022742,51.03448958556057,-309.14128720904677,140.3190367265233,-42.0876,43.0264,-270.0094,115.8323
1999.3333333333148,4.9131566799076625,24.503563585613065,25.817756457822735,135.11187655230438,-47.00075667990767,49.5146011329404,-313.0580169323724,141.09030912314384,-42.0876,43.0264,-273.5167,116.4964
1999.416666666648,8.877670093763541,30.88926788511062,26.557562298969696,135.29691264468917,-50.96527009376354,52.966196459988765,-317.3051227735194,141.81249347493025,-42.0876,43.0264,-277.024,117.1566
1999.4999999999814,11.842391383481525,23.64548953311558,27.544428247593157,135.59043775425747,-53.92999138348153,49.095623758342036,-321.7992887221429,142.63438623346397,-42.0876,43.0264,-280.5313,117.8132
1999.5833333333146,12.015185196730856,31.8758809607678,28.545693680654058,135.76214215186386,-54.102785196730856,53.54757589270535,-326.30785415520376,143.33678229569,-42.0876,43.0264,-284.0386,118.4661
1999.6666666666479,10.341693709735114,26.15596384743053,29.40750148979865,136.0736267267895,-52.42929370973512,50.35281066383577,-330.6769619643484,144.16788268964112,-42.0876,43.0264,-287.5459,119.1154
1999.7499999999811,8.55127897602433,31.562681287161176,30.120108071134013,136.28295232461755,-50.63887897602433,53.361727361423696,-334.89686854568373,144.8987998375411,-42.0876,43.0264,-291.0532,119.7613
1999.8333333333144,7.4053565145360825,35.69394284424736,30.73722111401202,136.58718826626296,-49.49295651453608,55.90463891957802,-339.02128158856175,145.71531041706876,-42.0876,43.0264,-294.5605,120.4036
1999.9166666666476,8.215991897579158,28.53424424143242,31.42188710547695,136.9752950771206,-50.30359189757916,51.62823056613232,-343.2132475800267,146.60626093157393,-42.0876,43.0264,-298.0677,121.0426
1999.999999999981,12.8938710848559,23.189979335253387,32.496376362548276,137.22274490525763,-51.869071084855904,48.021646816924964,-347.53567017043133,147.3618627515926,-38.9752,42.0512,-301.3157,121.6498
2000.0833333333142,18.59986050503838,17.501481470200012,34.04636473796814,137.3859392895219,-57.57506050503838,45.547835020906916,-352.3335918791845,148.0124717961407,-38.9752,42.0512,-304.5636,122.2539
2000.1666666666474,23.143636115052438,34.168097912738446,35.97500108088918,137.4788037078268,-62.11883611505244,54.18267561143951,-357.51016155543886,148.59534171745648,-38.9752,42.0512,-307.8115,122.8551
2000.2499999999807,26.51840108266757,44.449990936597416,38.18486783777815,137.83217952223535,-65.49360108266757,61.189093110648344,-362.9679616456612,149.41627234506797,-38.9752,42.0512,-311.0595,123.4534
2000.333333333314,29.818184846018607,21.924504031143513,40.669716574946364,138.4281757917742,-68.79338484601861,47.42348888949049,-368.7007437161628,150.4567419597324,-38.9752,42.0512,-314.3074,124.0488
2000.4166666666472,31.90182874654848,33.864203561990855,43.32820230382541,138.57278536130144,-70.87702874654849,53.99155215705466,-374.60716277837514,151.07828040238545,-38.9752,42.0512,-317.5553,124.6413
2000.4999999999804,32.635411905189876,37.92953572601034,46.047819962591234,138.91717748247208,-71.61061190518987,56.62996646503241,-380.5747137704743,151.88011978103805,-38.9752,42.0512,-320.8033,125.231
2000.5833333333137,30.629183072879297,39.04859864705129,48.600251885331176,139.34801639443074,-69.6043830728793,57.38550755842886,-386.3750790265476,152.75737912297947,-38.9752,42.0512,-324.0512,125.818
2000.666666666647,26.734764320748685,22.464315713177566,50.828148912060236,139.8032036867804,-65.70996432074868,47.67545387200123,-391.85090938661,153.6529908039537,-38.9752,42.0512,-327.2991,126.4023
2000.7499999999802,22.000159822692645,37.28686762004986,52.66149556395129,139.95352639760762,-60.975359822692646,56.2015472950267,-396.93218937183434,154.26812370509882,-38.9752,42.0512,-330.5471,126.9838
2000.8333333333135,18.38073806999085,32.61416461664456,54.19322373645053,140.36683639379393,-57.355938069990856,53.216418097064654,-401.7118508776669,155.11889574781426,-38.9752,42.0512,-333.795,127.5627
2000.9166666666467,15.682351040251623,30.106030621357846,55.50008632313816,140.6822272724558,-54.657551040251626,51.71727468858096,-406.2666467976879,155.87774295136364,-38.9752,42.0512,-337.0429,128.139
2000.99999999998,14.280119432731606,12.016346710263585,56.69009627586579,140.95041738256788,-65.1721194327316,43.726495826458155,-411.69765675041555,156.59106122651417,-50.892,42.043,-341.2839,128.7125
2001.0833333333132,12.43789990648169,18.976861589946253,57.726587934739264,140.9930951359269,-63.32989990648169,46.12737934030046,-416.97514840928903,157.09899530492763,-50.892,42.043,-345.5249,129.2834
2001.1666666666465,11.003019287823367,22.914591003818096,58.643506208724546,141.09947902924918,-61.895019287823374,47.88206689223285,-422.13306668327436,157.66231504775644,-50.892,42.043,-349.7659,129.8519
2001.2499999999798,10.354380159749372,28.50256586860818,59.50637122203699,141.25444956672416,-61.24638015974938,50.79379991784773,-427.23693169658685,158.26706315710175,-50.892,42.043,-354.0069,130.4178
2001.333333333313,11.148971920337013,30.390172607100396,60.435452215398406,141.4938840050083,-62.040971920337014,51.876550001800965,-432.40701268994826,158.9448461664671,-50.892,42.043,-358.2479,130.9813
2001.4166666666463,12.129222513964644,43.483260782517455,61.4462207582288,141.76559088890434,-63.021222513964645,60.484773433323035,-437.65878123277867,159.64876706765597,-50.892,42.043,-362.4889,131.5424
2001.4999999999795,12.023546994442187,32.04664219710042,62.44818300776564,142.32023371293192,-62.91554699444219,52.863987033792455,-442.90174348231557,160.60073519236883,-50.892,42.043,-366.7299,132.1012
2001.5833333333128,10.195608980152317,23.58191651126028,63.297817089445005,142.62058475939804,-61.08760898015232,48.204985585974924,-447.9923775639949,161.3241444155889,-50.892,42.043,-370.9709,132.6575
2001.666666666646,6.126806632796552,20.72739126313631,63.808384308844715,142.78295916988125,-57.018806632796554,46.874711706581614,-452.7439447833946,161.92320080118373,-50.892,42.043,-375.2119,133.2116
2001.7499999999793,1.8633068535961408,31.449964268019976,63.96365987997772,142.9082764982114,-52.755306853596146,52.50441982785576,-457.1402203545276,162.48761852573585,-50.892,42.043,-379.4529,133.7633
2001.8333333333126,0.12918828540660446,22.362563943604037,63.974425570428274,143.19637045933655,-51.02118828540661,47.62035400048785,-461.3919860449782,163.19299111569313,-50.892,42.043,-383.6939,134.3128
2001.9166666666458,-0.43499034244440493,19.3550391271957,63.93817637522457,143.34180897969674,-50.457009657555595,46.28424557681886,-465.59673684977446,163.770959550875,-50.892,42.043,-387.9349,134.86
2001.999999999979,0.34772497061350843,18.45116612693008,63.96715345610903,143.45066165714655,-42.38292497061351,45.22729075683809,-469.1286472639922,164.31508291875997,-42.0352,41.2924,-391.4378,135.3858
2002.0833333333123,1.936951384780693,24.41455049191905,64.12856607150742,143.54951337718555,-43.972151384780695,47.97012167466813,-472.79299321272396,164.83296229931054,-42.0352,41.2924,-394.9408,135.9095
2002.1666666666456,4.134228156276952,28.565193004768986,64.47308508453051,143.7224245335558,-46.16942815627696,50.20988497457152,-476.6404455590803,165.4136224987414,-42.0352,41.2924,-398.4437,136.4312
2002.2499999999789,6.091088633033587,37.2613714080448,64.98067580394998,143.95878866798517,-48.12628863303359,55.61899043463715,-480.6509696118331,166.04744067259645,-42.0352,41.2924,-401.9466,136.951
2002.333333333312,9.561818432198352,37.67918830658881,65.77749400663318,144.36008330336438,-51.597018432198354,55.89976323029803,-484.95072114784966,166.82188673952066,-42.0352,41.2924,-405.4496,137.4688
2002.4166666666454,13.964340704376752,38.333516979298,66.94118906533123,144.76927765922778,-61.34574070437675,56.34765004161334,-490.06286620654777,167.60053855154248,-47.3814,41.2989,-409.398,137.9848
2002.4999999999786,16.859650048562482,29.327863744359703,68.34615990271143,145.19159283847932,-64.24105004856249,50.652963714058515,-495.4162870439279,168.3880300423244,-47.3814,41.2989,-413.3465,138.4988
2002.5833333333119,16.79368169396771,33.18281591900749,69.74563337720875,145.43821917556176,-64.34258169396772,52.78821720189778,-500.7781688517586,169.0217112955795,-47.5489,41.0548,-417.3089,139.005
2002.6666666666451,14.665046118765733,40.83756929214856,70.96772055377257,145.753332276321,-62.21394611876573,57.90685338309305,-505.9626643616557,169.70726328661496,-47.5489,41.0548,-421.2713,139.5093
2002.7499999999784,11.816649681895909,40.47513778024694,71.95244136059722,146.22930437658255,-59.365549681895914,57.651828950779816,-510.9097935018137,170.52855728966153,-47.5489,41.0548,-425.2337,140.0118
2002.8333333333117,10.032822305956815,22.83705998293193,72.78850988609362,146.69536185574074,-57.581722305956816,46.97901565277875,-515.7082703606434,171.3387481951301,-47.5489,41.0548,-429.1961,140.5125
2002.916666666645,9.711084798290756,20.379209712174976,73.59776695261786,146.84342045994225,-57.25998479829076,45.83458073914069,-520.479935760501,171.87462181984927,-47.5489,41.0548,-433.1585,141.0114
2002.9999999999782,12.09017094452237,18.390020681329258,74.60528119799473,146.96121761000913,-69.23457094452237,48.873656215795,-526.2494833392112,172.38315760250654,-57.1444,45.2818,-437.9205,141.616
2003.0833333333114,15.114226793048658,23.43761880707182,75.86480009741545,147.05707130160306,-73.29782679304866,50.97268917210084,-532.3576355719653,172.9595498404244,-58.1836,45.2647,-442.7692,142.2175
2003.1666666666447,17.62327611568417,23.256226935667648,77.33340644038913,147.21263210432576,-74.80857611568416,51.006717442345504,-538.5916835816056,173.5843420390269,-57.1853,45.3964,-447.5346,142.8201
2003.249999999978,18.84914696421079,41.62443260260045,78.9041686874067,147.36563391337378,-75.8163469642108,61.37339480987203,-544.9097124952898,174.20772343137418,-56.9672,45.101,-452.2819,143.4123
2003.3333333333112,20.272695046199654,48.302223296827606,80.59355994125666,147.85470178911416,-76.28379504619966,65.98609470075188,-551.2666954158065,175.10631637860143,-56.0111,44.9562,-456.9495,143.9983
2003.4166666666445,21.21569850378513,37.30163295297786,82.36153481657209,148.51073442380942,-76.70499850378513,58.239853781741964,-557.6587786244552,176.13934567127313,-55.4893,44.7266,-461.5736,144.5759
2003.4999999999777,20.948484474094933,23.2591577908435,84.10724185608,148.9006018261147,-76.23618447409493,50.168425647506176,-564.0117939972964,176.93989320542573,-55.2877,44.4509,-466.1809,145.1443
2003.583333333311,17.917447963261942,22.048455200912038,85.60036251968516,149.05190905388437,-75.96504796326195,49.4104486079273,-570.3422146609016,177.53158888456042,-58.0476,44.2183,-471.0182,145.7045
2003.6666666666442,12.850066876062561,29.20809183626765,86.6712014260237,149.18774343313075,-71.43616687606256,52.87555233901434,-576.2952285672402,178.10366200945904,-58.5861,44.0762,-475.9004,146.259
2003.7499999999775,7.1283191614164725,32.297952170783056,87.26522802280842,149.42581942130786,-82.28471916141648,54.255064169773036,-583.1522884973582,178.75653766350092,-75.1564,43.5942,-482.1634,146.7994
2003.8333333333107,2.761878873791803,33.42650878913553,87.4953845956244,149.71641633189333,-78.69957887379181,54.580882772635285,-589.7105867368409,179.4413574303542,-75.9377,43.1479,-488.4915,147.3269
2003.916666666644,0.22307139379782479,14.26623831027679,87.5139738784409,150.0270518164996,-76.17997139379783,44.9866889381249,-596.0589176863241,180.1317762643083,-75.9569,42.6647,-494.8213,147.8408
2003.9999999999773,-0.11197242622188355,17.356756796943483,87.50464284292241,150.08356585486345,-74.60592757377812,46.03213656521109,-602.2760783174723,180.59929956103403,-74.7179,42.6345,-501.0478,148.3522
2004.0833333333105,0.9283454802187809,23.30386145232253,87.58200496627397,150.1671784720399,-75.02864548021878,48.614526466777846,-608.5284654408239,181.08751144589175,-74.1003,42.665,-507.2228,148.8626
2004.1666666666438,2.872010431382268,28.02861478224125,87.82133916888915,150.31778777022998,-76.85791043138227,50.95049136025356,-614.9332913101057,181.63048886030043,-73.9859,42.5482,-513.3883,149.3684
2004.249999999977,6.914120404545613,36.672128336135785,88.39751586926796,150.53539204238155,-79.73762040454561,56.644940744447894,-621.5780930104845,182.22503632720907,-72.8235,43.1718,-519.4569,149.8874
2004.3333333333103,13.762163389492374,34.49108293011965,89.54436281839232,150.90717237343407,-84.94656338949237,55.916113285012855,-628.6569732929422,182.95723901260232,-71.1844,44.0111,-525.3889,150.4249
2004.4166666666436,20.76607128982152,40.10357334423687,91.27486875921078,151.2352832748354,-90.71587128982152,60.43638951183787,-636.2166292337607,183.66791305012887,-69.9498,45.2135,-531.2181,150.9901
2004.4999999999768,26.171494813249932,30.3954567862124,93.45582666031493,151.67773608367102,-95.24829481324994,54.779977409017846,-644.1539871348649,184.4946667222621,-69.0768,45.5737,-536.9745,151.5622
2004.58333333331,28.8890431617984,25.33067541091561,95.86324692379812,151.931319811194,-97.7199431617984,52.16437173457728,-652.2973157316814,185.17114392556675,-68.8309,45.6013,-542.7104,152.1328
2004.6666666666433,29.854287313701327,22.710798996872093,98.35110419993991,152.10718654719244,-98.32768731370132,50.92282862406925,-660.4912896744898,185.7824337298198,-68.4734,45.578,-548.4165,152.7007
2004.7499999999766,29.486547708449326,27.717837983829977,100.80831650897734,152.24840852553683,-98.00544770844932,53.26417931873022,-668.6584103168606,186.3631058502851,-68.5189,45.484,-554.1264,153.2641
2004.8333333333098,29.28531138490776,30.99250593406847,103.24875912438632,152.4585225903543,-96.96501138490775,54.52908943961259,-676.7388279322696,186.99633674319062,-67.6797,44.8652,-559.7664,153.8104
2004.916666666643,30.882128884533135,27.249225249934874,105.8222698647641,152.72080974479658,-97.65122888453313,51.87247769445459,-684.876430339314,187.6577072445969,-66.7691,44.1388,-565.3305,154.3373
2004.9999999999764,33.96253705820075,14.867944580267693,108.65248128628082,152.923256631662,-98.78033705820076,46.34086379257417,-693.1081250941639,188.25420203405548,-64.8178,43.891,-570.732,154.8565
2005.0833333333096,37.063889670486894,22.33768547266002,111.74113875882138,152.9834753609138,-101.37608967048689,48.98136000526615,-701.5561325667045,188.72890845928313,-64.3122,43.5913,-576.0913,155.3669
2005.1666666666429,40.10913625547362,24.775421273608714,115.08356678011086,153.11931540314004,-103.85383625547362,49.99908225252523,-710.2106189213273,189.25784534305643,-63.7447,43.4291,-581.4034,155.8719
2005.2499999999761,42.51101856021284,32.004890676581525,118.62615166012858,153.28625685668413,-105.96481856021285,53.834839501106856,-719.0410204680117,189.80742269311853,-63.4538,43.2883,-586.6912,156.372
2005.3333333333094,44.94013655896157,34.0104257265529,122.37116304004205,153.56443585696636,-107.66983655896158,54.529237219232876,-728.0135068479252,190.44257280891787,-62.7297,42.6231,-591.9187,156.8553
2005.4166666666426,47.601816527791144,39.962391086722874,126.33798108402465,153.87796587418484,-110.11011652779115,58.18864957926234,-737.1893498919077,191.09201975502776,-62.5083,42.2957,-597.1277,157.3298
2005.499999999976,47.988891302163,40.29956262991217,130.3370553592049,154.30978940654026,-110.547091302163,58.39835671662528,-746.4016075004214,191.8288818862029,-62.5582,42.2648,-602.3409,157.8022
2005.5833333333092,45.232132757989156,31.664617301061252,134.106399755704,154.74769465930981,-109.32933275798916,53.6421230872965,-755.5123852302537,192.56821457510662,-64.0972,43.2993,-607.6823,158.2965
2005.6666666666424,40.121685566086285,32.08925623584078,137.44987355287785,155.01742805710438,-106.29768556608629,54.63908375265316,-764.3705256940942,193.18982127798648,-66.176,44.2234,-613.197,158.8104
2005.7499999999757,34.045803814908375,48.77111760892549,140.28702387078687,155.29395684288662,-101.67810381490838,66.3870584441248,-772.8437010120033,193.83264130394676,-67.6323,45.0402,-618.833,159.3418
2005.833333333309,29.083629385746814,40.394289380071314,142.71065965293243,155.9308549474915,-97.89242938574682,60.746709677240474,-781.0014034608156,194.77772706926677,-68.8088,45.3703,-624.5671,159.8791
2005.9166666666422,26.40571008065075,29.201188164420735,144.9111354929867,156.36625725903605,-95.00091008065075,53.88131479004485,-788.9181459675365,195.56552999865292,-68.5952,45.2823,-630.2833,160.4126
2005.9999999999754,26.689904090820608,18.93977894020629,147.13529416722173,156.59331251701076,-100.08690409082061,49.259884685146,-797.2587213084381,196.18310205166165,-73.397,45.4733,-636.3997,160.9488
2006.0833333333087,28.313207100941742,25.702806175516617,149.49472809230022,156.68873112185037,-101.76420710094173,52.03346863035536,-805.7390719001833,196.69779074478402,-73.451,45.2421,-642.5207,161.4779
2006.166666666642,29.857341996300836,25.83865916376212,151.9828399253253,156.86430860571886,-103.13624199630083,51.89313360928465,-814.3337587332084,197.27048530386145,-73.2789,45.0029,-648.6272,161.9996
2006.2499999999752,30.615582121481317,20.484563594424106,154.53413843544874,157.0415476022146,-103.60498212148133,49.273027888125625,-822.9675072433319,197.83845046317532,-72.9894,44.8131,-654.7097,162.5153
2006.3333333333085,31.378184342351986,29.778223455871252,157.1489871306447,157.15284211695462,-104.31438434235199,53.80679912834251,-831.6603726051944,198.3491158406702,-72.9362,44.8155,-660.7877,163.0294
2006.4166666666417,31.041526926345494,35.452939446442926,159.7357810411735,157.38777271901435,-104.4537269263455,57.27406244263758,-840.3648498490566,198.9563672202495,-73.4122,44.9823,-666.9054,163.5457
2006.499999999975,29.633279742027607,31.7597987059864,162.2052210196758,157.7201749229783,-104.18227974202762,55.64684732673339,-849.0467064942255,199.64216966830685,-74.549,45.6934,-673.1178,164.0768
2006.5833333333082,26.49808372951639,33.812218441097556,164.41339466380217,157.98642551040666,-102.9385837295164,57.52435623202138,-857.6249218050185,200.28740236133862,-76.4405,46.538,-679.4879,164.6259
2006.6666666666415,21.38251478220212,22.326392546264053,166.19527089565236,158.28765846357376,-99.16151478220212,51.50508338387459,-865.888381370202,200.97461989343776,-77.779,46.4145,-685.9694,165.1702
2006.7499999999748,15.576517321410691,25.611597318891235,167.49331400576992,158.41881771291716,-94.8318173214107,52.46483550831963,-873.7910328136528,201.52385047228725,-79.2553,45.7887,-692.5741,165.6983
2006.833333333308,9.787387054673138,28.13445743298685,168.30892959365934,158.59125017476183,-90.38498705467313,52.968767096172336,-881.323115068209,202.0921626954388,-80.5976,44.8792,-699.2905,166.204
2006.9166666666413,4.68803215102397,22.77333385423406,168.699598939578,158.79907726405276,-86.65883215102397,49.3346980414029,-888.5446844141276,202.66980472407266,-81.9708,43.764,-706.1214,166.6835
2006.9999999999745,0.9546769842928837,13.487822207996093,168.77915535493574,158.93509891719208,-89.8546769842929,44.72647616797586,-896.0325741628186,203.16957395928355,-88.9,42.6443,-713.5297,167.1374
2007.0833333333078,-1.0715903141578365,22.371083274216044,168.68985616208926,158.98278454016284,-88.95030968584217,47.88206544158166,-903.4450999699721,203.57942083782393,-90.0219,42.3347,-721.0316,167.5836
2007.166666666641,-1.4233380922630177,23.569955633561474,168.57124465440066,159.11389388542517,-89.80276190773698,47.71361984609904,-910.9286634622836,204.04812734069176,-91.2261,41.4855,-728.6337,168.011
2007.2499999999743,0.35308621175824983,33.62599817997693,168.60066850538053,159.2593057294602,-90.70808621175826,53.82200645274953,-918.4876706465967,204.51247899450536,-90.355,42.025,-736.1633,168.4484
2007.3333333333076,4.928192618754123,41.492254797037404,169.01135122361003,159.5548561077443,-94.09979261875412,59.43613706409824,-926.3293200314929,205.1018156006783,-89.1716,42.5564,-743.5943,168.8958
2007.4166666666408,9.826768194790905,44.01728163506456,169.83024857317594,160.00381050121334,-98.1268681947909,61.233476786645,-934.5065590477255,205.81822715311966,-88.3001,42.5678,-750.9526,169.3422
2007.499999999974,13.150870283490878,39.33394019713886,170.9261544301335,160.50756824872747,-101.39597028349087,57.93182070323784,-942.9562232380164,206.57590417342533,-88.2451,42.5316,-758.3064,169.7867
2007.5833333333073,13.739435752208772,29.246950474635856,172.07110740948426,160.90869886182634,-102.43873575220877,51.69866698886735,-951.4927845507004,207.25172819360088,-88.6993,42.6306,-765.698,170.2321
2007.6666666666406,12.76796926063967,25.3615042439277,173.1351048478709,161.13004492876155,-102.08176926063967,49.94896072196861,-959.9995986557537,207.78837355974235,-89.3138,43.0313,-773.1408,170.6848
2007.7499999999739,11.055302762593486,31.19584397142861,174.05638007808702,161.29628597771338,-100.86820276259348,53.379814145889625,-968.4052822193031,208.2880611309814,-89.8129,43.3154,-780.6252,171.1422
2007.833333333307,8.975818113775073,19.525767967791765,174.80436492090158,161.54748608472713,-99.53071811377508,47.576764790095204,-976.6995087287845,208.85728809298845,-90.5549,43.3854,-788.1715,171.5998
2007.9166666666404,7.154701051678733,19.136486703250597,175.40059000854149,161.64579042314332,-98.38500105167873,47.552315764678454,-984.8982588164243,209.30837497629005,-91.2303,43.5318,-795.774,172.0594
2007.9999999999736,5.819365212039712,28.668299292815405,175.8855371095448,161.7401578308082,-107.32946521203971,52.86203586651237,-993.8423809174277,209.75802979408732,-101.5101,44.4131,-804.2332,172.5364
2008.0833333333069,4.6940208721608885,24.557817838911813,176.2767055155582,161.95174570582213,-106.9279208721609,51.086590287953015,-1002.7530409901077,210.3123802809207,-102.2339,44.7968,-812.7527,173.0203
2008.1666666666401,4.819678549871968,28.822331444705434,176.67834539471423,162.10683248580457,-107.30997854987197,53.59167494442076,-1011.695539202597,210.8288024480938,-102.4903,45.1812,-821.2935,173.5112
2008.2499999999734,4.634553776375298,27.364491456179373,177.06455820941218,162.32021553421214,-107.4175537763753,53.00697425259542,-1020.647002017295,211.39565489931368,-102.783,45.3974,-829.8588,174.0054
2008.3333333333067,4.074533350768078,28.94630017887058,177.40410265530952,162.51231846784526,-107.48863335076808,54.23775619746159,-1029.604388129859,211.94873874027732,-103.4141,45.8677,-838.4766,174.5085
2008.41666666664,3.2965437041852677,29.78682912297544,177.67881463065828,162.72700353136887,-107.51354370418527,55.025682230130855,-1038.5638501052076,212.52626277718934,-104.217,46.2663,-847.1614,175.0188
2008.4999999999732,1.6072926770531824,33.75886731731831,177.81275568707937,162.95402913316252,-106.51269267705318,57.4790914610548,-1047.4399078282954,213.11905400217006,-104.9054,46.5208,-855.9035,175.5333
2008.5833333333064,-3.0104024378963548,43.20759687951399,177.56188881725464,163.2451756437045,-103.58369756210364,63.83987659224121,-1056.0718826251375,213.76400930709917,-106.5941,46.9961,-864.7863,176.0568
2008.6666666666397,-9.963208123581571,44.07014952297928,176.73162147362288,163.720988493491,-98.51289187641844,64.42299870223172,-1064.2812902815056,214.55693687687727,-108.4761,46.9909,-873.826,176.5786
2008.749999999973,-17.933022578753448,34.23334935596295,175.2372029253934,164.21452507781996,-92.38787742124654,59.775401390265955,-1071.9802800666096,215.36141574603673,-110.3209,49.0018,-883.0194,177.1443
2008.8333333333062,-25.670297240778595,20.59549643970421,173.09801148866188,164.511611841063,-91.2516027592214,51.339105925287285,-1079.5845802965446,216.05160867198194,-116.9219,47.0269,-892.7629,177.6637
2008.9166666666395,-32.450918380474945,17.398157900887668,170.393768290289,164.61900954429413,-85.36838161952505,51.77737614619169,-1086.6986120981717,216.5593211867175,-117.8193,48.7668,-902.5812,178.2206
2008.9999999999727,-37.82848786999004,15.571739288990335,167.24139430112314,164.69560698919614,-84.84421213000996,61.07320735456985,-1093.7689631090059,217.07452095897213,-122.6727,59.0547,-912.8039,179.0341
2009.083333333306,-41.18941980662187,17.80717587036864,163.8089426505713,164.75694082571084,-81.89888019337813,63.11013714228673,-1100.5938697917873,217.78929198719058,-123.0883,60.5458,-923.0612,179.8852
2009.1666666666392,-42.89116646144554,29.30984316573096,160.2346787787842,164.83711407412662,-80.48533353855444,67.81395029224994,-1107.30098092,218.5499557426744,-123.3765,61.1528,-933.3426,180.7493
2009.2499999999725,-43.20008031288916,30.831021988561595,156.63467208604342,165.0541216848379,-79.98921968711085,68.21286177949997,-1113.9667492272595,219.42495484708417,-123.1893,60.8477,-943.6084,181.6008
2009.3333333333057,-42.68999831946246,31.511357070337468,153.07717222608824,165.2939071620353,-80.54840168053754,68.57970878229439,-1120.6791160339708,220.3067415044851,-123.2384,60.9115,-953.8783,182.4501
2009.416666666639,-43.238644793928785,26.29502235714783,149.47395182659417,165.54402097405813,-80.49475520607122,66.8337054316376,-1127.3870123011434,221.1944658523642,-123.7334,61.4436,-964.1894,183.3102
2009.4999999999723,-45.22615485103103,24.294138028365012,145.70510558900824,165.71795888493693,-79.44424514896897,66.72811397597906,-1134.0073660635574,222.03427754633506,-124.6704,62.1485,-974.5786,184.1861
2009.5833333333055,-48.88145340461244,31.706071683300273,141.63165113862388,165.8662884942811,-78.06724659538756,71.17474785586933,-1140.5129699465062,222.86828809505903,-126.9487,63.7226,-985.1576,185.1024
2009.6666666666388,-54.31105993417103,30.240896810086234,137.10572947744296,166.11862801624716,-74.83534006582897,72.49821212890896,-1146.7492482853254,223.81337664696846,-129.1464,65.8899,-995.9198,186.0771
2009.749999999972,-60.07260441292536,29.323809662241683,132.0996791096992,166.34785208709536,-71.27019558707465,74.56947252292575,-1152.6884312509148,224.78973908138053,-131.3428,68.5618,-1006.8651,187.1267
2009.8333333333053,-65.57674945627397,24.911703746170506,126.63494998834302,166.56309628811067,-72.89555054372602,71.66187996268982,-1158.763060462892,225.81809194342853,-138.4723,67.1925,-1018.4044,188.1293
2009.9166666666385,-70.53145391970645,25.694636151226643,120.7573288283675,166.71826872614724,-69.55374608029354,73.3300353739443,-1164.5592059695832,226.76367155172733,-140.0852,68.681,-1030.0782,189.1712
2009.9999999999718,-74.2262291824623,14.058106129587593,114.57180972982898,166.88318964959447,-80.94647081753769,67.34005195751446,-1171.3047452043782,227.74957865225932,-155.1727,65.8563,-1043.0092,190.1241
2010.083333333305,-75.8839566908389,17.19946631671533,108.24814667225907,166.93252583988857,-82.0765433091611,68.98315897912927,-1178.1444571468082,228.5776909340711,-157.9605,66.8046,-1056.1726,191.0996
2010.1666666666383,-74.00992431774142,24.520038805351042,102.08065297911395,167.00634714510122,-84.41657568225858,71.31806769098502,-1185.1791717869964,229.44349444829922,-158.4265,66.9704,-1069.3748,192.075
2010.2499999999716,-69.34060047614966,25.246314537472994,96.30226960610149,167.1562821992283,-86.16659952385035,70.07063763071534,-1192.3597217473173,230.36530274669846,-155.5072,65.3645,-1082.3338,192.9996
2010.3333333333048,-63.802868338182286,21.718157674581903,90.98536391125297,167.31508413313625,-88.16473166181771,66.50749247286355,-1199.7067827191356,231.25166067384097,-151.9676,62.8615,-1094.9977,193.8509
2010.416666666638,-58.79038119611761,22.287959816012037,86.08616547824317,167.43250553444904,-91.98841880388238,65.31143450729104,-1207.3724842861259,232.0472676934485,-150.7788,61.3908,-1107.5626,194.6593
2010.4999999999714,-55.15057258167797,30.26097870851703,81.49028442977001,167.5560801809551,-94.83112741832201,67.879764363817,-1215.2750782376527,232.8119407027447,-149.9817,60.7613,-1120.0611,195.4479
2010.5833333333046,-53.71569242930401,34.92654883477063,77.01397672732801,167.7836421555245,-109.28420757069598,60.05266934506423,-1224.3820955352105,233.6351249304898,-162.9999,48.8514,-1133.6444,195.956
2010.6666666666379,-53.69230876710627,39.22099417292689,72.5396176634025,168.08630489354388,-109.36129123289372,62.65722636825513,-1233.495536471285,234.2773965322047,-163.0536,48.8635,-1147.2322,196.4631
2010.7499999999711,-53.64231749539371,31.10423107361418,68.06942453878635,168.46719688045542,-109.24908250460629,57.823844224772756,-1242.5996266800023,234.97459265614538,-162.8914,48.7455,-1160.8065,196.9663
2010.8333333333044,-51.87605410705763,24.80304195240926,63.74642002986488,168.706310464808,-109.80694589294237,53.640172891061546,-1251.750205504414,235.5667469614483,-161.683,47.5613,-1174.2801,197.4443
2010.9166666666376,-48.14054636222365,18.917591199211586,59.73470783301291,168.8581804300755,-112.79275363777634,50.57983942234779,-1261.1496016408953,236.07512494891873,-160.9333,46.9089,-1187.6912,197.9081
2010.999999999971,-43.139532274039034,10.983119435964223,56.13974681017632,168.94646500066517,-122.23766772596096,43.7416268174225,-1271.336073951392,236.52623103152877,-165.3772,42.3403,-1201.4727,198.2852
2011.0833333333042,-38.86404238553027,17.955238877391672,52.90107661138213,168.9762126620185,-125.69775761446974,46.06424726166919,-1281.8108870859312,236.86304508238442,-164.5618,42.4208,-1215.1861,198.663
2011.1666666666374,-33.99703066763695,21.336130192863184,50.06799072241238,169.05569002312535,-129.36486933236304,47.80068421787295,-1292.5912928636283,237.2360182715693,-163.3619,42.7747,-1228.7996,199.0463
2011.2499999999707,-29.25715004063782,29.35199635610317,47.62989488569256,169.1678521473932,-132.40444995936218,52.127945475806875,-1303.6249970269084,237.6369860725734,-161.6616,43.0788,-1242.2714,199.4344
2011.333333333304,-24.5192964337146,27.596855011818224,45.58662018288302,169.3799196313906,-136.4934035662854,51.29823448524634,-1314.9994473240988,238.1129578749348,-161.0127,43.2426,-1255.6891,199.8247
2011.4166666666372,-20.54078411273932,32.81601051310166,43.874888173488074,169.5671628241003,-139.5717158872607,54.27388210397335,-1326.630423648037,238.5729932600484,-160.1125,43.2292,-1269.0319,200.214
2011.4999999999704,-17.757447611238756,36.231785797810076,42.39510087255151,169.8315741758521,-141.58075238876125,56.20635736381066,-1338.428819680434,239.08689697042252,-159.3382,42.9699,-1282.31,200.5979
2011.5833333333037,-17.08247312200516,40.210792593905396,40.97156144571775,170.15333901775034,-142.61802687799485,58.93378146861168,-1350.3136552536002,239.63682352041488,-159.7005,43.0846,-1295.6184,200.9831
2011.666666666637,-18.304815360714027,37.15689416155831,39.44616016565824,170.54882321193344,-142.01478463928598,56.992348556479456,-1362.1482206402075,240.23996282218252,-160.3196,43.2145,-1308.9784,201.3699
2011.7499999999702,-18.97967469756995,20.14724978761921,37.86452060752741,170.88579226377996,-140.85912530243004,47.59759108289749,-1373.8864810820767,240.80265167345834,-159.8388,43.1233,-1322.2983,201.7543
2011.8333333333035,-18.832089881228715,24.497653017815594,36.29517978409168,170.98473607446218,-139.6276101187713,49.505158929057984,-1385.522115258641,241.19434337488818,-158.4597,43.0189,-1335.5033,202.1361
2011.9166666666367,-19.391694338351716,28.172329730968645,34.6792052558957,171.13091836583843,-138.35210566164827,51.437121405366575,-1397.0514573971116,241.61734486461455,-157.7438,43.036,-1348.6486,202.5176
2011.99999999997,-20.766473517481053,17.92121492297658,32.948665796105615,171.32405328579657,-127.97382648251894,46.41732645850597,-1407.7159429373214,242.07317652788097,-148.7403,42.8182,-1361.0436,202.8944
2012.0833333333032,-22.301324450063674,25.591550404585657,31.09022209193364,171.40214524999607,-126.60447554993632,49.9189190600162,-1418.266315899816,242.4437463493918,-148.9058,42.8599,-1373.4524,203.2713
2012.1666666666365,-22.27143566174286,29.351693100248703,29.234269120121734,171.56127967573752,-126.26346433825714,52.04747665748251,-1428.7882712613375,242.8716293654015,-148.5349,42.9816,-1385.8303,203.6496
2012.2499999999698,-20.367183835426754,33.12844634478799,27.537003800502834,171.77038794457818,-127.39621616457323,54.109800310382745,-1439.4046226083854,243.33592693258268,-147.7634,42.7829,-1398.1439,204.0238
2012.333333333303,-18.082166088424874,39.41320334697478,26.03015662646743,172.03640313724065,-139.96943391157512,57.961906444750284,-1451.0687421010164,243.8367538817894,-158.0516,42.4992,-1411.3149,204.3923
2012.4166666666363,-16.52209475833908,39.97414915825735,24.653315396605837,172.4122213018507,-141.2986052416609,58.29141953784113,-1462.8436258711547,244.41016296416052,-157.8207,42.4259,-1424.4666,204.7589
2012.4999999999695,-16.484025423039487,21.30828047748823,23.279646611352547,172.79796035924602,-133.4439745769605,46.85850501741713,-1473.9639570859015,244.9887451009649,-149.928,41.7334,-1436.9606,205.113
2012.5833333333028,-19.176725305263894,27.426281653861246,21.681586169247222,172.9074087647042,-131.59577469473612,50.6098715172932,-1484.930271643796,245.36189975323762,-150.7725,42.5342,-1449.525,205.4802
2012.666666666636,-24.273310375073905,21.828893951057218,19.65881030465773,173.08857679284014,-126.8091896249261,47.9404618343055,-1495.4977041125396,245.7964776838097,-151.0825,42.6824,-1462.1152,205.8493
2012.7499999999693,-30.442595721127116,26.423636560113977,17.121927327897136,173.2032441971901,-122.58260427887289,51.14779299980589,-1505.712921135779,246.1857681342312,-153.0252,43.7937,-1474.8673,206.2371
2012.8333333333026,-36.100621612440634,21.110251147770114,14.113542193527087,173.371127492017,-118.50587838755938,48.122566198530286,-1515.5884110014092,246.62814213420717,-154.6065,43.2451,-1487.7512,206.6146
2012.9166666666358,-39.96833062935651,15.978282803786305,10.782847974414045,173.47819672746593,-115.3700693706435,45.646036377409295,-1525.202583448963,247.0190726928423,-155.3384,42.7581,-1500.6961,206.983
2012.999999999969,-42.402214098122634,22.909984228836386,7.249330132903824,173.53950616481112,-113.96838590187735,48.60897951629443,-1534.699948940786,247.37027373375392,-156.3706,42.8715,-1513.7269,207.3527
2013.0833333333023,-43.135850508437336,22.488160473333146,3.6546759238673796,173.66548058851623,-114.12714949156268,48.272177882030384,-1544.2105447317497,247.76794600576088,-157.263,42.714,-1526.8322,207.719
2013.1666666666356,-41.38017842757941,37.46799031099208,0.20632772156909537,173.78677240082604,-115.65222157242059,56.95983954993726,-1553.8482298627848,248.15950246639724,-157.0324,42.9019,-1539.9182,208.0878
2013.2499999999688,-36.991273780931486,41.81359466144323,-2.876278426841862,174.12303060286203,-117.93542621906852,60.72284721874851,-1563.676182047707,248.70365352060952,-154.9267,44.0328,-1552.8288,208.4757
2013.333333333302,-31.860206676953414,24.151350150607016,-5.531295649921312,174.5409059347823,-120.78799332304659,51.12700554215184,-1573.741848157961,249.32063550582544,-152.6482,45.0631,-1565.5495,208.8812
2013.4166666666354,-26.37117851871149,22.875308131899786,-7.728893859813937,174.6800937543904,-124.59192148128851,51.24824518253635,-1584.1245082814019,249.75710236215025,-150.9631,45.8596,-1578.1297,209.3003
2013.4999999999686,-23.149038939728207,20.175504494821077,-9.65798043812462,174.80486777419387,-127.71776106027181,50.240329510369904,-1594.7676550364242,250.1948748473112,-150.8668,46.0113,-1590.702,209.7213
2013.5833333333019,-22.39459311566046,29.9004773809233,-11.524196531096324,174.90186594970461,-128.87690688433955,55.10660434192172,-1605.507397276786,250.6148764385392,-151.2715,46.2893,-1603.3079,210.1466
2013.6666666666351,-23.264653612335486,32.595123422503846,-13.462917665457615,175.11472218231404,-128.69764638766452,56.701078724908385,-1616.2322011424246,251.11925011664414,-151.9623,46.3958,-1615.9714,210.5729
2013.7499999999684,-23.98474416573093,26.806222472932205,-15.461646345935193,175.36733665147867,-128.5531558342691,53.460841598578824,-1626.9449641286137,251.65213186697434,-152.5379,46.2546,-1628.6829,210.9959
2013.8333333333017,-23.485066447967043,24.248992992385794,-17.418735216599114,175.53798419289603,-129.36813355203293,52.164298820120024,-1637.7256419246166,252.1249041088472,-152.8532,46.1855,-1641.4207,211.4167
2013.916666666635,-20.724637450331933,18.25656552414525,-19.145788337460107,175.6775029220707,-132.11196254966808,49.65544976120354,-1648.734972137089,252.57420053886136,-152.8366,46.1775,-1654.1571,211.8365
2013.9999999999682,-15.653608977104563,18.310802634309482,-20.45025575221882,175.75653676320437,-129.34389102289543,50.06850120707265,-1659.51362972233,252.9806292032928,-144.9975,46.6001,-1666.2402,212.2632
2014.0833333333014,-11.305450814527687,16.867220971352836,-21.392376653429462,175.83600505230717,-134.4759491854723,49.166314174914966,-1670.7199588211195,253.39317930807476,-145.7814,46.1825,-1678.3886,212.6815
2014.1666666666347,-7.161416906036397,24.641087078104356,-21.989161395599158,175.90340891531832,-138.0318830939636,52.115119718568444,-1682.2226157456164,253.79036071263556,-145.1933,45.9217,-1690.4881,213.0942
2014.249999999968,-3.541636046788353,28.400733422304867,-22.284297732831522,176.0471751143111,-140.89066395321166,53.7394831151624,-1693.963504408384,254.23587341795363,-144.4323,45.6216,-1702.5241,213.5008
2014.3333333333012,0.5644697705801541,45.13855860924896,-22.237258585283175,176.23797737899548,-144.93846977058016,64.18571027168433,-1706.041710222599,254.70873627808712,-144.374,45.6324,-1714.5553,213.9068
2014.4166666666345,4.077012696888953,33.30680748979678,-21.897507527209097,176.71902970558295,-148.00051269688893,56.650616768066904,-1718.375086280673,255.38178763040938,-143.9235,45.8252,-1726.5489,214.3154
2014.4999999999677,6.108260388273542,33.76777247737904,-21.3884858281863,176.98039650060934,-149.53196038827355,57.03908649631441,-1730.836082979696,255.90486217535422,-143.4237,45.9695,-1738.5009,214.7259
2014.583333333301,7.224378079064391,30.995575876771895,-20.7864543215976,177.24864630518312,-150.5053780790644,55.616858961494074,-1743.3781978196182,256.4340459728678,-143.281,46.1791,-1750.441,215.1393
2014.6666666666342,7.026282930971599,41.28094074825566,-20.200930744016635,177.47434488966087,-150.4034829309716,62.02113311526156,-1755.911821397199,256.9361584468214,-143.3772,46.2872,-1762.3891,215.5538
2014.7499999999675,7.275037616339597,38.06845997874693,-19.594677609321668,177.87398001516704,-150.1874376163396,59.921012512418855,-1768.4274411985607,257.5591995318459,-142.9124,46.2744,-1774.2984,215.9674
2014.8333333333007,8.046987211930086,36.75300263952701,-18.924095341660827,178.21313102630467,-150.0761872119301,59.13388726534963,-1780.9337901328881,258.13940402140855,-142.0292,46.3253,-1786.1342,216.381
2014.916666666634,9.244031859461149,9.010572383486409,-18.153759353372397,178.5286681099628,-150.11593185946117,46.94888077353972,-1793.4434511211766,258.7032146955025,-140.8719,46.0761,-1797.8735,216.7894
2014.9999999999673,11.692327639805082,17.50325794260175,-17.179398716721973,178.54761607203577,-127.31472763980508,49.33389847615178,-1804.053011757827,259.0579788598386,-115.6224,46.1245,-1807.5087,217.1979
2015.0833333333005,14.14582604251196,18.352556091046377,-16.000579879845976,178.61909623989686,-126.88402604251196,50.03633705503435,-1814.6266805947032,259.44913927881095,-112.7382,46.5491,-1816.9036,217.6132
2015.1666666666338,17.158995132628526,30.553044466668656,-14.570663618793597,178.69764846749882,-129.02709513262852,56.087754399175516,-1825.378938522422,259.85090364413384,-111.8681,47.0356,-1826.2259,218.0364
2015.249999999967,20.998316566448832,27.163069363838424,-12.820803904922862,178.91517621020574,-132.72831656644883,54.356784852534254,-1836.439631569626,260.3548446655093,-111.73,47.0832,-1835.5368,218.4596
2015.3333333333003,25.635149655541564,32.583738456242,-10.68454143362773,179.08692388456046,-136.74414965554155,57.28622610003895,-1847.8349773742545,260.8272739044497,-111.109,47.117,-1844.7958,218.8826
2015.4166666666335,30.117040160918314,34.31950548816398,-8.174788086884538,179.33377068309366,-140.2192401609183,58.67114656457736,-1859.519914054331,261.3509953826315,-110.1022,47.5865,-1853.971,219.3133
2015.4999999999668,32.14478397194679,23.16324135352746,-5.4960560892223045,179.60722056428887,-140.9573839719468,53.924175354304346,-1871.2663627186596,261.89921994428653,-108.8126,48.6958,-1863.0387,219.7633
2015.5833333333,31.695389360371067,23.69313214035516,-2.854773642524716,179.73164716134232,-140.60128936037108,54.40393186443725,-1882.983136832024,262.36142907205175,-108.9059,48.9737,-1872.1142,220.2176
2015.6666666666333,29.103393602304447,27.03460856158648,-0.42949084233267865,179.8617395868679,-137.99429360230445,55.947528782942726,-1894.4826612988827,262.8310644658563,-108.8909,48.9822,-1881.1885,220.6711
2015.7499999999666,25.613179855284084,32.521705289987246,1.7049408122743284,180.03097290620337,-135.4509798552841,58.59792523638345,-1905.7702429534895,263.3268164841267,-109.8378,48.7448,-1890.3416,221.1193
2015.8333333332998,22.950729510392502,27.290045941923317,3.6175016048070368,180.27559360176352,-132.2565295103925,57.00586836591725,-1916.7916204126889,263.8695801903515,-109.3058,50.0492,-1899.4504,221.5908
2015.916666666633,22.47638616918825,24.337213633893686,5.490533785572723,180.4476430041714,-131.01888616918825,55.64145320129391,-1927.709860926788,264.38222539001816,-108.5425,50.0367,-1908.4957,222.0611
2015.9999999999663,23.698433993954747,30.31066683490357,7.465403285068953,180.58435756283737,-122.92133399395475,60.41532387181685,-1937.9533054262845,264.86970138486527,-99.2229,52.2616,-1916.7642,222.573
2016.0833333332996,25.79616374628962,27.21776138449799,9.615083597259755,180.79621559474288,-124.77296374628962,59.043605502911745,-1948.351052405142,265.443263852973,-98.9768,52.396,-1925.0123,223.0863
2016.1666666666329,28.0380920764002,28.43727717932816,11.951591270293106,180.96686285416834,-126.62729207640021,59.92115633842473,-1958.903326744842,265.98992199734,-98.5892,52.7434,-1933.2281,223.6053
2016.2499999999661,31.369739180123375,23.921652964354813,14.565736201970054,181.1529611839873,-128.55343918012338,56.594163325885695,-1969.6161133431854,266.55177862014386,-97.1837,51.2899,-1941.3267,224.0949
2016.3333333332994,35.06677083248399,33.499060632808884,17.487967104677054,181.28453455578088,-130.249670832484,59.15097052534816,-1980.4702525792256,267.0519780163441,-95.1829,48.7509,-1949.2586,224.5364
2016.4166666666326,39.22645300244765,48.01904680703598,20.756838188214356,181.54227622708942,-130.94905300244764,65.37517493564596,-1991.3826736627632,267.5973257314358,-91.7226,44.3631,-1956.9022,224.9013
2016.499999999966,41.08965360646214,38.19813494221429,24.180975988752866,182.07072928507992,-132.50105360646214,58.400181064989965,-2002.4244281299682,268.2619768002385,-91.4114,44.1756,-1964.5198,225.2626
2016.5833333332992,39.40737284374448,30.59676451126977,27.464923725731577,182.4043363569595,-129.60307284374448,53.55963784948604,-2013.2246842002803,268.7911890156998,-90.1957,43.9599,-1972.0361,225.6197
2016.6666666666324,35.04538207797799,32.16833381577423,30.38537223222974,182.61805885974877,-124.75158207797799,54.67917465299823,-2023.620649373445,269.2355032179467,-89.7062,44.2155,-1979.5116,225.9805
2016.7499999999657,29.80918844493819,36.82975577675322,32.86947126930792,182.85400979126194,-118.35158844493819,57.512936349444786,-2033.4832817438564,269.697807193067,-88.5424,44.1736,-1986.8901,226.34
2016.833333333299,25.07197698232299,36.4648133429559,34.95880268450151,183.16283685823805,-111.37357698232299,57.08904025972599,-2042.7644131590498,270.2083492887973,-86.3016,43.9258,-1994.0819,226.6949
2016.9166666666322,20.891472111759974,16.542705271115896,36.699758693814836,183.46506940096867,-107.03247211175997,46.92139671767035,-2051.68378583503,270.7104515317514,-86.141,43.9085,-2001.2604,227.049
2016.9999999999654,17.58133015317121,19.09708723222734,38.16486953991244,183.52720992206076,-134.0252301531712,53.18962416078253,-2062.852555014461,271.0491038373296,-116.4439,49.6431,-2010.964,227.5008
2017.0833333332987,13.908298776597961,22.709749927180372,39.323894437962274,183.60998977045276,-134.80099877659796,57.810172509646335,-2074.0859715791776,271.4836607131571,-120.8927,53.1628,-2021.0384,228.0178
2017.166666666632,10.426721984291548,30.558830625928373,40.19278793665323,183.72698787055035,-132.08952198429157,62.372601203687005,-2085.0934317445353,271.9961017576346,-121.6628,54.3737,-2031.177,228.5575
2017.2499999999652,6.325077055160086,39.45397423254689,40.719877691249906,183.9386480580433,-129.1507770551601,67.49301103693978,-2095.8559964991323,272.59140574571626,-122.8257,54.7603,-2041.4124,229.1035
2017.3333333332985,3.4948573552248647,34.16965966653031,41.01111580418531,184.2909228809599,-124.84415735522487,65.87083871309449,-2106.2596762787343,273.28681520457906,-121.3493,56.3152,-2051.5249,229.6795
2017.4166666666317,2.02085067348956,36.69409771957386,41.17952002697611,184.55471111062553,-124.82505067348956,67.48284763266615,-2116.6617638348584,273.94755698988376,-122.8042,56.6346,-2061.7586,230.2607
2017.499999999965,-0.8283345745362245,33.08578459619251,41.11049214576476,184.85844889287836,-124.05446542546377,64.78436789871188,-2126.999635953647,274.63932446230285,-124.8828,55.6987,-2072.1655,230.8214
2017.5833333332982,-4.913848913984901,26.354217639219442,40.701004736266015,185.105020341453,-121.9299510860151,60.38643786302803,-2137.160465210815,275.2753344104403,-126.8438,54.3321,-2082.7358,231.3536
2017.6666666666315,-10.477392308250964,28.397386041887053,39.827888710578435,185.26129462974993,-118.44380769174903,60.09347796776254,-2147.030782518461,275.82673285584286,-128.9212,52.9605,-2093.4792,231.8582
2017.7499999999648,-16.31273466437325,19.93953078083974,38.468494155213996,185.4425739927557,-115.19346533562675,53.792717278922204,-2156.6302379630965,276.3717099592208,-131.5062,49.9607,-2104.4381,232.3064
2017.833333333298,-22.206037936767355,27.06096850748822,36.61799099381672,185.5318849228851,-109.12626206323264,56.429502268966274,-2165.7240931350325,276.8076229113001,-131.3323,49.5176,-2115.3824,232.7457
2017.9166666666313,-27.315106849315942,26.923938356951023,34.34173208970706,185.69627080554315,-106.71169315068407,53.51330877696592,-2174.6167342309227,277.2865259901115,-134.0268,46.2469,-2126.5513,233.1283
2017.9999999999645,-30.27393535676979,10.196248974516521,31.81890414330957,185.8588528852106,-114.0724646432302,46.93178975694757,-2184.122772951192,277.7165047556345,-144.3464,45.8108,-2138.5802,233.5031
2018.0833333332978,-30.441209462053354,16.37697499231013,29.28213668813846,185.8821584236517,-112.51049053794664,50.51641130869008,-2193.4986471626876,278.0467702045267,-142.9517,47.7881,-2150.4928,233.9102
2018.166666666631,-28.193852399370883,20.736560126155894,26.932648988190888,185.94226862853728,-113.62874760062911,53.842931514040714,-2202.96770946274,278.4289234355175,-141.8226,49.6896,-2162.3114,234.3496
2018.2499999999643,-23.43963752004041,29.139466357090626,24.97934586152085,186.0386008508698,-116.1057624799596,60.777298924318906,-2212.643189669403,278.86242817017035,-139.5454,53.3364,-2173.9402,234.8549
2018.3333333332976,-16.81482484239091,27.53842291622388,23.578110457988274,186.228676761074,-121.8412751576091,60.581530858858336,-2222.7966292658707,279.41380993729484,-138.6561,53.9607,-2185.4948,235.3709
2018.4166666666308,-9.868840979921286,30.12062870064827,22.755707042994832,186.39827550053496,-128.33585902007871,62.29917829122882,-2233.4912841842106,279.96056985542623,-138.2047,54.5338,-2197.0119,235.8968
2018.499999999964,-4.995257399575557,27.03866055313615,22.339435593030203,186.60096855505202,-132.31824260042444,61.274557158315886,-2244.5178044009126,280.537614189414,-137.3135,54.9862,-2208.4547,236.4302
2018.5833333332973,-2.6975637716289977,30.722730779534373,22.114638612061118,186.7641442106215,-180.767136228371,63.57759851898897,-2259.581732419944,281.09470632036835,-183.4647,55.6617,-2223.7434,236.9756
2018.6666666666306,-2.0892819347274987,23.518645186354917,21.94053178416716,186.97460454547956,-181.4904180652725,60.25015231094155,-2274.7059339253833,281.69323120631475,-183.5797,55.4703,-2239.0417,237.516
2018.7499999999638,-0.7992921513228232,32.423948046197445,21.873924104890254,187.09782637492597,-183.02600784867718,64.24658097636411,-2289.9581012461063,282.2296640065414,-183.8253,55.4645,-2254.3605,238.0551
2018.833333333297,2.150822801376811,42.88171996733044,22.05315933833832,187.33180723375253,-183.6949228013768,70.16021754132855,-2305.2660114795544,282.83838466959884,-181.5441,55.5303,-2269.4892,238.5942
2018.9166666666304,6.958210426192267,16.946177519272407,22.63301020718768,187.74036014420787,-184.69571042619228,58.24185965879432,-2320.657320681737,283.5626148130753,-177.7375,55.722,-2284.3006,239.1358
2018.9999999999636,15.127538143916727,17.918898821588193,23.89363838584741,187.80408383415528,-171.00423814391672,79.66888487193927,-2334.9076738603967,284.06061448982695,-155.8767,77.6276,-2297.2904,240.1835
2019.0833333332969,25.4917357649795,18.853582692286118,26.017949699595704,187.87530744982948,-86.0137357649795,60.935432725917934,-2342.0754851741453,284.99010562777954,-60.522,57.9454,-2302.3339,240.7652
2019.1666666666301,36.81028820633533,28.58900439567126,29.085473716790315,187.95412369617185,-92.20048820633534,66.8079712305778,-2349.7588591913395,285.5324632200762,-55.3902,60.3819,-2306.9497,241.3954
2019.2499999999634,46.849775135581254,30.23995478431852,32.98962164475542,188.1352267530561,-102.11567513558126,67.37907545638801,-2358.2684987859716,286.18303520215807,-55.2659,60.212,-2311.5552,242.0204
2019.3333333332967,55.361380783798616,27.099196543980817,37.6030700434053,188.33764392053163,-111.05838078379861,66.01540140709062,-2367.5233638512877,286.84326374340066,-55.697,60.1969,-2316.1966,242.6434
2019.41666666663,63.23509755599857,30.588979193767635,42.87266150640519,188.50004064185526,-119.06699755599857,67.45835102844383,-2377.445613647621,287.47561181813506,-55.8319,60.1244,-2320.8493,243.2634
2019.4999999999632,69.40047081409652,41.52551447267864,48.656034074246556,188.70675432000522,-125.23237081409653,73.07059482158772,-2387.881644548796,288.134424329746,-55.8319,60.1244,-2325.502,243.8818
2019.5833333332964,72.58110415122276,47.842317731389116,54.70445942018179,189.0871134918397,-128.41300415122276,76.83639008484971,-2398.5827282280643,288.90550208698437,-55.8319,60.1244,-2330.1546,244.4986
2019.6666666666297,73.04603121227751,48.76469880769546,60.79162868787159,189.59081492124506,-128.8779312122775,77.4140770478164,-2409.3225558290874,289.7557161465012,-55.8319,60.1244,-2334.8073,245.1139
2019.749999999963,71.85576660354448,32.782938820153824,66.77960923816696,190.11271241902497,-127.17816660354448,68.57666848080292,-2419.920736379383,290.61621883508536,-55.3224,60.2332,-2339.4175,245.7298
2019.8333333332962,70.34641367325,21.46222619320633,72.64181037760446,190.3481113988948,-125.66881367325,63.94267382123109,-2430.3931375188204,291.2896896075498,-55.3224,60.2332,-2344.0277,246.3442
2019.9166666666295,68.72493063438694,20.80249395087863,78.36888793047004,190.44891469689034,-123.87893063438693,63.90341485293522,-2440.7163817383525,291.8739546441467,-55.154,60.4227,-2348.6238,246.961
2019.9999999999627,67.69148117579932,14.887900537923128,84.00984469511998,190.54356742952896,-122.84548117579934,62.22983414502317,-2450.953505169669,292.45633737152787,-55.154,60.4227,-2353.22,247.5762
2020.083333333296,66.45996425056055,19.229627622507568,89.54817504933335,190.5920299679581,-95.10466425056055,62.72608015921533,-2458.8788938572156,293.007545904388,-28.6447,59.7058,-2355.607,248.1754
2020.1666666666292,65.30025663800956,39.275727491366965,94.98986310250082,190.67285273171095,-93.94495663800956,71.46583326048972,-2466.7076402437165,293.56652065802234,-28.6447,59.7058,-2357.9941,248.7732
2020.2499999999625,62.74511581552639,37.67863319370569,100.21862275379469,191.00964722498549,-91.38981581552639,70.60072204294954,-2474.323458228344,294.2905296271442,-28.6447,59.7058,-2360.3812,249.3695
2020.3333333332957,60.03815730319749,36.19097979701482,105.22180252906115,191.31908412290073,-88.6828573031975,69.81811779407931,-2481.7136963369435,294.9954027737391,-28.6447,59.7058,-2362.7682,249.9644
2020.416666666629,58.11815578655766,51.495872842652176,110.06498217794096,191.6041253936039,-86.76285578655765,78.84546577620429,-2488.9439343191566,295.68311042172536,-28.6447,59.7058,-2365.1553,250.558
2020.4999999999623,58.11815578655766,42.63302303752288,114.90816182682077,192.17993203722767,-86.76285578655765,73.36455006989382,-2496.1741723013697,296.55783990893764,-28.6447,59.7058,-2367.5423,251.1501
2020.5833333332955,58.11815578655766,39.83934360457387,119.75134147570058,192.57359848192223,-86.76285578655765,71.77712624843168,-2503.404410283583,297.31310461986294,-28.6447,59.7058,-2369.9294,251.7408
2020.6666666666288,58.11815578655766,18.876592661439833,124.5945211245804,192.9167055333645,-86.76285578655765,62.61875361380107,-2510.634648265796,298.034246074298,-28.6447,59.7058,-2372.3165,252.3301
2020.749999999962,58.11815578655766,22.74285645974861,129.4377007734602,192.99365037842318,-86.76285578655765,63.8906884732723,-2517.864886248009,298.58193324181667,-28.6447,59.7058,-2374.7035,252.9181
2020.8333333332953,58.11815578655766,28.291867494871383,134.28088042234,193.10528789510514,-86.76285578655765,66.06975344276199,-2525.095124230222,299.15103074849407,-28.6447,59.7058,-2377.0906,253.5047
2020.9166666666285,58.11815578655766,18.047771501453475,139.12406007121982,193.2779208641804,-86.76285578655765,62.37390968833585,-2532.3253622124353,299.7584142125433,-28.6447,59.7058,-2379.4776,254.0899
