RA, ais, 1992.2500, -162.7900, 22.7726
RA, ais, 1992.3333, -162.7900, 22.7726
RA, ais, 1992.4167, -88.0155, 41.6939
RA, ais, 1992.5000, -88.0155, 41.6939
RA, ais, 1992.5833, -88.0155, 41.6939
RA, ais, 1992.6667, -88.0155, 41.6939
RA, ais, 1992.7500, -88.0155, 41.6939
RA, ais, 1992.8333, -88.0155, 41.6939
RA, ais, 1992.9167, -88.0155, 41.6939
RA, ais, 1993.0000, -113.4160, 46.6393
RA, ais, 1993.0833, -113.4160, 46.6393
RA, ais, 1993.1667, -113.4160, 46.6393
RA, ais, 1993.2500, -113.4160, 46.6393
RA, ais, 1993.3333, -113.4160, 46.6393
RA, ais, 1993.4167, -113.4160, 46.6393
RA, ais, 1993.5000, -113.4160, 46.6393
RA, ais, 1993.5833, -113.4160, 46.6393
RA, ais, 1993.6667, -113.4160, 46.6393
RA, ais, 1993.7500, -113.4160, 46.6393
RA, ais, 1993.8333, -113.4160, 46.6393
RA, ais, 1993.9167, -113.4160, 46.6393
RA, ais, 1994.0000, -96.5144, 41.5635
RA, ais, 1994.0833, -96.5144, 41.5635
RA, ais, 1994.1667, -96.5144, 41.5635
RA, ais, 1994.2500, -96.5144, 41.5635
RA, ais, 1994.3333, -96.5144, 41.5635
RA, ais, 1994.4167, -96.5144, 41.5635
RA, ais, 1994.5000, -96.5144, 41.5635
RA, ais, 1994.5833, -96.5144, 41.5635
RA, ais, 1994.6667, -96.5144, 41.5635
RA, ais, 1994.7500, -96.5144, 41.5635
RA, ais, 1994.8333, -96.5144, 41.5635
RA, ais, 1994.9167, -96.5144, 41.5635
RA, ais, 1995.0000, -89.5490, 44.0509
RA, ais, 1995.0833, -89.5490, 44.0509
RA, ais, 1995.1667, -89.5490, 44.0509
RA, ais, 1995.2500, -89.5490, 44.0509
RA, ais, 1995.3333, -89.5490, 44.0509
RA, ais, 1995.4167, -52.8620, 43.4170
RA, ais, 1995.5000, -52.8620, 43.4170
RA, ais, 1995.5833, -52.8620, 43.4170
RA, ais, 1995.6667, -52.8620, 43.4170
RA, ais, 1995.7500, -52.8620, 43.4170
RA, ais, 1995.8333, -52.8620, 43.4170
RA, ais, 1995.9167, -52.8620, 43.4170
RA, ais, 1996.0000, -46.7718, 45.5965
RA, ais, 1996.0833, -46.7718, 45.5965
RA, ais, 1996.1667, -46.7718, 45.5965
RA, ais, 1996.2500, -46.7718, 45.5965
RA, ais, 1996.3333, -46.7718, 45.5965
RA, ais, 1996.4167, -46.7718, 45.5965
RA, ais, 1996.5000, -4.0748, 45.1032
RA, ais, 1996.5833, -4.0748, 45.1032
RA, ais, 1996.6667, -4.0748, 45.1032
RA, ais, 1996.7500, -4.0748, 45.1032
RA, ais, 1996.8333, -4.0748, 45.1032
RA, ais, 1996.9167, -4.0748, 45.1032
RA, ais, 1997.0000, 14.0812, 41.5129
RA, ais, 1997.0833, 14.0812, 41.5129
RA, ais, 1997.1667, 14.0812, 41.5129
RA, ais, 1997.2500, 14.0812, 41.5129
RA, ais, 1997.3333, 14.0812, 41.5129
RA, ais, 1997.4167, 14.0812, 41.5129
RA, ais, 1997.5000, 14.0812, 41.5129
RA, ais, 1997.5833, 14.0812, 41.5129
RA, ais, 1997.6667, 14.0812, 41.5129
RA, ais, 1997.7500, 14.0812, 41.5129
RA, ais, 1997.8333, 14.0812, 41.5129
RA, ais, 1997.9167, 14.0812, 41.5129
RA, ais, 1998.0000, 6.0189, 44.1057
RA, ais, 1998.0833, 6.0189, 44.1057
RA, ais, 1998.1667, 6.0189, 44.1057
RA, ais, 1998.2500, 6.0189, 44.1057
RA, ais, 1998.3333, 6.0189, 44.1057
RA, ais, 1998.4167, 6.0189, 44.1057
RA, ais, 1998.5000, 6.0189, 44.1057
RA, ais, 1998.5833, 6.0189, 44.1057
RA, ais, 1998.6667, 6.0189, 44.1057
RA, ais, 1998.7500, 6.0189, 44.1057
RA, ais, 1998.8333, 6.0189, 44.1057
RA, ais, 1998.9167, 6.0189, 44.1057
RA, ais, 1999.0000, 5.3118, 47.9284
RA, ais, 1999.0833, 5.3118, 47.9284
RA, ais, 1999.1667, 5.3118, 47.9284
RA, ais, 1999.2500, 5.3118, 47.9284
RA, ais, 1999.3333, 5.3118, 47.9284
RA, ais, 1999.4167, 5.3118, 47.9284
RA, ais, 1999.5000, 5.3118, 47.9284
RA, ais, 1999.5833, 5.3118, 47.9284
RA, ais, 1999.6667, 5.3118, 47.9284
RA, ais, 1999.7500, 5.3118, 47.9284
RA, ais, 1999.8333, 5.3118, 47.9284
RA, ais, 1999.9167, 5.3118, 47.9284
RA, ais, 2000.0000, 15.0496, 39.4168
RA, ais, 2000.0833, 15.0496, 39.4168
RA, ais, 2000.1667, 15.0496, 39.4168
RA, ais, 2000.2500, 15.0496, 39.4168
RA, ais, 2000.3333, 15.0496, 39.4168
RA, ais, 2000.4167, 15.0496, 39.4168
RA, ais, 2000.5000, 15.0496, 39.4168
RA, ais, 2000.5833, 15.0496, 39.4168
RA, ais, 2000.6667, 15.0496, 39.4168
RA, ais, 2000.7500, 15.0496, 39.4168
RA, ais, 2000.8333, 15.0496, 39.4168
RA, ais, 2000.9167, 15.0496, 39.4168
RA, ais, 2001.0000, 9.1608, 41.4594
RA, ais, 2001.0833, 9.1608, 41.4594
RA, ais, 2001.1667, 9.1608, 41.4594
RA, ais, 2001.2500, 9.1608, 41.4594
RA, ais, 2001.3333, 9.1608, 41.4594
RA, ais, 2001.4167, 9.1608, 41.4594
RA, ais, 2001.5000, 9.1608, 41.4594
RA, ais, 2001.5833, 9.1608, 41.4594
RA, ais, 2001.6667, 9.1608, 41.4594
RA, ais, 2001.7500, 9.1608, 41.4594
RA, ais, 2001.8333, 9.1608, 41.4594
RA, ais, 2001.9167, 9.1608, 41.4594
RA, ais, 2002.0000, 10.7796, 40.7248
RA, ais, 2002.0833, 10.7796, 40.7248
RA, ais, 2002.1667, 10.7796, 40.7248
RA, ais, 2002.2500, 10.7796, 40.7248
RA, ais, 2002.3333, 10.7796, 40.7248
RA, ais, 2002.4167, -6.7430, 40.6742
RA, ais, 2002.5000, -6.7430, 40.6742
RA, ais, 2002.5833, -15.8002, 31.5041
RA, ais, 2002.6667, -15.8002, 31.5041
RA, ais, 2002.7500, -15.8002, 31.5041
RA, ais, 2002.8333, -15.8002, 31.5041
RA, ais, 2002.9167, -15.8002, 31.5041
RA, ais, 2003.0000, -32.1387, 33.7711
RA, ais, 2003.0833, -32.1387, 33.7711
RA, ais, 2003.1667, -38.9209, 33.6911
RA, ais, 2003.2500, -38.9209, 33.6911
RA, ais, 2003.3333, -38.9209, 33.6911
RA, ais, 2003.4167, -38.9209, 33.6911
RA, ais, 2003.5000, -38.9209, 33.6911
RA, ais, 2003.5833, -49.9428, 33.6330
RA, ais, 2003.6667, -49.9428, 33.6330
RA, ais, 2003.7500, -61.3451, 30.3857
RA, ais, 2003.8333, -61.3451, 30.3857
RA, ais, 2003.9167, -61.3451, 30.3857
RA, ais, 2004.0000, -58.3471, 31.1577
RA, ais, 2004.0833, -58.3471, 31.1577
RA, ais, 2004.1667, -58.3471, 31.1577
RA, ais, 2004.2500, -58.3471, 31.1577
RA, ais, 2004.3333, -58.3471, 31.1577
RA, ais, 2004.4167, -58.3471, 31.1577
RA, ais, 2004.5000, -58.3471, 31.1577
RA, ais, 2004.5833, -58.3471, 31.1577
RA, ais, 2004.6667, -58.3471, 31.1577
RA, ais, 2004.7500, -58.3471, 31.1577
RA, ais, 2004.8333, -58.3471, 31.1577
RA, ais, 2004.9167, -58.3471, 31.1577
RA, ais, 2005.0000, -52.1667, 30.8293
RA, ais, 2005.0833, -52.1667, 30.8293
RA, ais, 2005.1667, -52.1667, 30.8293
RA, ais, 2005.2500, -52.1667, 30.8293
RA, ais, 2005.3333, -52.1667, 30.8293
RA, ais, 2005.4167, -52.1667, 30.8293
RA, ais, 2005.5000, -52.1667, 30.8293
RA, ais, 2005.5833, -52.1667, 30.8293
RA, ais, 2005.6667, -52.1667, 30.8293
RA, ais, 2005.7500, -52.1667, 30.8293
RA, ais, 2005.8333, -52.1667, 30.8293
RA, ais, 2005.9167, -52.1667, 30.8293
RA, ais, 2006.0000, -55.0207, 34.8678
RA, ais, 2006.0833, -55.0207, 34.8678
RA, ais, 2006.1667, -55.0207, 34.8678
RA, ais, 2006.2500, -55.0207, 34.8678
RA, ais, 2006.3333, -55.0207, 34.8678
RA, ais, 2006.4167, -55.0207, 34.8678
RA, ais, 2006.5000, -55.0207, 34.8678
RA, ais, 2006.5833, -55.0207, 34.8678
RA, ais, 2006.6667, -55.0207, 34.8678
RA, ais, 2006.7500, -55.0207, 34.8678
RA, ais, 2006.8333, -55.0207, 34.8678
RA, ais, 2006.9167, -55.0207, 34.8678
RA, ais, 2007.0000, -59.1960, 30.3807
RA, ais, 2007.0833, -59.1960, 30.3807
RA, ais, 2007.1667, -59.1960, 30.3807
RA, ais, 2007.2500, -59.1960, 30.3807
RA, ais, 2007.3333, -59.1960, 30.3807
RA, ais, 2007.4167, -59.1960, 30.3807
RA, ais, 2007.5000, -59.1960, 30.3807
RA, ais, 2007.5833, -59.1960, 30.3807
RA, ais, 2007.6667, -59.1960, 30.3807
RA, ais, 2007.7500, -59.1960, 30.3807
RA, ais, 2007.8333, -59.1960, 30.3807
RA, ais, 2007.9167, -59.1960, 30.3807
RA, ais, 2008.0000, -62.6091, 31.0134
RA, ais, 2008.0833, -62.6091, 31.0134
RA, ais, 2008.1667, -62.6091, 31.0134
RA, ais, 2008.2500, -62.6091, 31.0134
RA, ais, 2008.3333, -62.6091, 31.0134
RA, ais, 2008.4167, -62.6091, 31.0134
RA, ais, 2008.5000, -62.6091, 31.0134
RA, ais, 2008.5833, -62.6091, 31.0134
RA, ais, 2008.6667, -62.6091, 31.0134
RA, ais, 2008.7500, -62.6091, 31.0134
RA, ais, 2008.8333, -72.6986, 30.8981
RA, ais, 2008.9167, -72.6986, 30.8981
RA, ais, 2009.0000, -65.1514, 26.6680
RA, ais, 2009.0833, -65.1514, 26.6680
RA, ais, 2009.1667, -65.1514, 26.6680
RA, ais, 2009.2500, -65.1514, 26.6680
RA, ais, 2009.3333, -65.1514, 26.6680
RA, ais, 2009.4167, -65.1514, 26.6680
RA, ais, 2009.5000, -65.1514, 26.6680
RA, ais, 2009.5833, -65.1514, 26.6680
RA, ais, 2009.6667, -65.1514, 26.6680
RA, ais, 2009.7500, -65.1514, 26.6680
RA, ais, 2009.8333, -64.9182, 25.7271
RA, ais, 2009.9167, -64.9182, 25.7271
RA, ais, 2010.0000, -81.2162, 30.3749
RA, ais, 2010.0833, -81.2162, 30.3749
RA, ais, 2010.1667, -81.2162, 30.3749
RA, ais, 2010.2500, -81.2162, 30.3749
RA, ais, 2010.3333, -81.2162, 30.3749
RA, ais, 2010.4167, -81.2162, 30.3749
RA, ais, 2010.5000, -81.2162, 30.3749
RA, ais, 2010.5833, -114.4985, 31.3646
RA, ais, 2010.6667, -114.4985, 31.3646
RA, ais, 2010.7500, -114.4985, 31.3646
RA, ais, 2010.8333, -114.4985, 31.3646
RA, ais, 2010.9167, -114.4985, 31.3646
RA, ais, 2011.0000, -150.2813, 24.9531
RA, ais, 2011.0833, -150.2813, 24.9531
RA, ais, 2011.1667, -150.2813, 24.9531
RA, ais, 2011.2500, -150.2813, 24.9531
RA, ais, 2011.3333, -150.2813, 24.9531
RA, ais, 2011.4167, -150.2813, 24.9531
RA, ais, 2011.5000, -150.2813, 24.9531
RA, ais, 2011.5833, -150.2813, 24.9531
RA, ais, 2011.6667, -150.2813, 24.9531
RA, ais, 2011.7500, -150.2813, 24.9531
RA, ais, 2011.8333, -150.2813, 24.9531
RA, ais, 2011.9167, -150.2813, 24.9531
RA, ais, 2012.0000, -128.4524, 21.9427
RA, ais, 2012.0833, -128.4524, 21.9427
RA, ais, 2012.1667, -128.4524, 21.9427
RA, ais, 2012.2500, -128.4524, 21.9427
RA, ais, 2012.3333, -155.5704, 23.5913
RA, ais, 2012.4167, -155.5704, 23.5913
RA, ais, 2012.5000, -148.6409, 22.4167
RA, ais, 2012.5833, -148.6409, 22.4167
RA, ais, 2012.6667, -148.6409, 22.4167
RA, ais, 2012.7500, -148.6409, 22.4167
RA, ais, 2012.8333, -148.6409, 22.4167
RA, ais, 2012.9167, -148.6409, 22.4167
RA, ais, 2013.0000, -159.8276, 24.1140
RA, ais, 2013.0833, -159.8276, 24.1140
RA, ais, 2013.1667, -159.8276, 24.1140
RA, ais, 2013.2500, -159.8276, 24.1140
RA, ais, 2013.3333, -159.8276, 24.1140
RA, ais, 2013.4167, -159.8276, 24.1140
RA, ais, 2013.5000, -159.8276, 24.1140
RA, ais, 2013.5833, -159.8276, 24.1140
RA, ais, 2013.6667, -159.8276, 24.1140
RA, ais, 2013.7500, -159.8276, 24.1140
RA, ais, 2013.8333, -159.8276, 24.1140
RA, ais, 2013.9167, -159.8276, 24.1140
RA, ais, 2014.0000, -173.6106, 26.7703
RA, ais, 2014.0833, -173.6106, 26.7703
RA, ais, 2014.1667, -173.6106, 26.7703
RA, ais, 2014.2500, -173.6106, 26.7703
RA, ais, 2014.3333, -173.6106, 26.7703
RA, ais, 2014.4167, -173.6106, 26.7703
RA, ais, 2014.5000, -173.6106, 26.7703
RA, ais, 2014.5833, -173.6106, 26.7703
RA, ais, 2014.6667, -173.6106, 26.7703
RA, ais, 2014.7500, -173.6106, 26.7703
RA, ais, 2014.8333, -173.6106, 26.7703
RA, ais, 2014.9167, -173.6106, 26.7703
RA, ais, 2015.0000, -104.8503, 24.9339
RA, ais, 2015.0833, -104.8503, 24.9339
RA, ais, 2015.1667, -104.8503, 24.9339
RA, ais, 2015.2500, -104.8503, 24.9339
RA, ais, 2015.3333, -104.8503, 24.9339
RA, ais, 2015.4167, -104.8503, 24.9339
RA, ais, 2015.5000, -104.8503, 24.9339
RA, ais, 2015.5833, -104.8503, 24.9339
RA, ais, 2015.6667, -104.8503, 24.9339
RA, ais, 2015.7500, -104.8503, 24.9339
RA, ais, 2015.8333, -104.8503, 24.9339
RA, ais, 2015.9167, -104.8503, 24.9339
RA, ais, 2016.0000, -54.4635, 22.6166
RA, ais, 2016.0833, -54.4635, 22.6166
RA, ais, 2016.1667, -54.4635, 22.6166
RA, ais, 2016.2500, -54.4635, 22.6166
RA, ais, 2016.3333, -54.4635, 22.6166
RA, ais, 2016.4167, -54.4635, 22.6166
RA, ais, 2016.5000, -54.4635, 22.6166
RA, ais, 2016.5833, -54.4635, 22.6166
RA, ais, 2016.6667, -54.4635, 22.6166
RA, ais, 2016.7500, -54.4635, 22.6166
RA, ais, 2016.8333, -54.4635, 22.6166
RA, ais, 2016.9167, -54.4635, 22.6166
RA, ais, 2017.0000, -90.4642, 23.3123
RA, ais, 2017.0833, -90.4642, 23.3123
RA, ais, 2017.1667, -90.4642, 23.3123
RA, ais, 2017.2500, -90.4642, 23.3123
RA, ais, 2017.3333, -41.6221, 24.0433
RA, ais, 2017.4167, -41.6221, 24.0433
RA, ais, 2017.5000, -41.6221, 24.0433
RA, ais, 2017.5833, -41.6221, 24.0433
RA, ais, 2017.6667, -41.6221, 24.0433
RA, ais, 2017.7500, -41.6221, 24.0433
RA, ais, 2017.8333, -41.6221, 24.0433
RA, ais, 2017.9167, -41.6221, 24.0433
RA, ais, 2018.0000, -151.2707, 38.2871
RA, ais, 2018.0833, -151.2707, 38.2871
RA, ais, 2018.1667, -151.2707, 38.2871
RA, ais, 2018.2500, -151.2707, 38.2871
RA, ais, 2018.3333, -151.2707, 38.2871
RA, ais, 2018.4167, -151.2707, 38.2871
GMB, ais, 2002.0000, -16.3721, 82.9566
GMB, ais, 2002.0833, -16.3721, 82.9566
GMB, ais, 2002.1667, -16.3721, 82.9566
GMB, ais, 2002.2500, -16.3721, 82.9566
GMB, ais, 2002.3333, -16.3721, 82.9566
GMB, ais, 2002.4167, -16.3721, 82.9566
GMB, ais, 2002.5000, -16.3721, 82.9566
GMB, ais, 2002.5833, -16.3721, 82.9566
GMB, ais, 2002.6667, -16.3721, 82.9566
GMB, ais, 2002.7500, -16.3721, 82.9566
GMB, ais, 2002.8333, -16.3721, 82.9566
GMB, ais, 2002.9167, -16.3721, 82.9566
GMB, ais, 2003.0000, -96.8058, 112.6727
GMB, ais, 2003.0833, -114.0857, 113.0475
GMB, ais, 2003.1667, -105.2921, 111.8285
GMB, ais, 2003.2500, -97.1667, 110.9249
GMB, ais, 2003.3333, -76.5499, 111.9225
GMB, ais, 2003.4167, -68.2033, 111.3186
GMB, ais, 2003.5000, -66.9929, 110.7965
GMB, ais, 2003.5833, -71.0276, 110.0339
GMB, ais, 2003.6667, -80.2208, 110.1732
GMB, ais, 2003.7500, -83.5704, 108.8569
GMB, ais, 2003.8333, -80.8334, 107.9215
GMB, ais, 2003.9167, -69.4234, 105.2249
GMB, ais, 2004.0000, -69.3871, 108.9674
GMB, ais, 2004.0833, -61.9068, 108.8608
GMB, ais, 2004.1667, -60.9146, 108.8004
GMB, ais, 2004.2500, -49.1044, 110.1432
GMB, ais, 2004.3333, -32.6917, 110.2029
GMB, ais, 2004.4167, -20.7738, 111.7937
GMB, ais, 2004.5000, -13.9797, 112.3001
GMB, ais, 2004.5833, -19.4496, 110.8143
GMB, ais, 2004.6667, -21.4553, 110.7883
GMB, ais, 2004.7500, -20.5884, 110.5197
GMB, ais, 2004.8333, -9.9100, 108.9742
GMB, ais, 2004.9167, 3.2670, 108.4936
GMB, ais, 2005.0000, 8.6711, 107.8857
GMB, ais, 2005.0833, 10.8748, 105.5092
GMB, ais, 2005.1667, 24.3677, 104.9059
GMB, ais, 2005.2500, 36.5700, 104.7080
GMB, ais, 2005.3333, 46.8993, 103.1694
GMB, ais, 2005.4167, 52.3756, 101.6998
GMB, ais, 2005.5000, 55.0784, 100.5455
GMB, ais, 2005.5833, 40.3206, 103.9584
GMB, ais, 2005.6667, 14.3363, 105.2483
GMB, ais, 2005.7500, 1.1886, 107.0790
GMB, ais, 2005.8333, -9.4973, 106.8033
GMB, ais, 2005.9167, -1.5892, 106.3078
GMB, ais, 2006.0000, -2.0861, 106.0044
GMB, ais, 2006.0833, -13.1393, 105.2149
GMB, ais, 2006.1667, -15.2366, 104.8826
GMB, ais, 2006.2500, -12.0352, 103.9045
GMB, ais, 2006.3333, -9.0344, 101.7659
GMB, ais, 2006.4167, -17.0592, 102.9371
GMB, ais, 2006.5000, -31.1384, 105.4778
GMB, ais, 2006.5833, -58.4322, 111.3956
GMB, ais, 2006.6667, -80.4134, 110.6354
GMB, ais, 2006.7500, -101.2071, 110.3192
GMB, ais, 2006.8333, -112.7188, 108.4416
GMB, ais, 2006.9167, -124.5270, 105.9745
GMB, ais, 2007.0000, -133.9872, 102.9786
GMB, ais, 2007.0833, -150.7200, 105.3748
GMB, ais, 2007.1667, -166.9017, 105.0304
GMB, ais, 2007.2500, -164.5879, 104.5017
GMB, ais, 2007.3333, -160.8359, 104.5863
GMB, ais, 2007.4167, -153.1108, 104.7447
GMB, ais, 2007.5000, -151.4045, 103.9476
GMB, ais, 2007.5833, -161.5232, 102.1609
GMB, ais, 2007.6667, -169.5893, 99.8440
GMB, ais, 2007.7500, -167.9494, 102.3911
GMB, ais, 2007.8333, -161.9967, 106.4607
GMB, ais, 2007.9167, -155.9947, 108.9500
GMB, ais, 2008.0000, -150.4261, 112.7662
GMB, ais, 2008.0833, -141.3337, 119.5689
GMB, ais, 2008.1667, -126.0913, 126.3307
GMB, ais, 2008.2500, -107.2410, 129.7401
GMB, ais, 2008.3333, -94.2696, 130.7430
GMB, ais, 2008.4167, -85.0360, 132.1516
GMB, ais, 2008.5000, -78.1492, 131.8431
GMB, ais, 2008.5833, -90.0141, 132.7709
GMB, ais, 2008.6667, -97.3702, 133.2473
GMB, ais, 2008.7500, -96.1482, 132.5207
GMB, ais, 2008.8333, -91.0727, 128.6295
GMB, ais, 2008.9167, -86.1876, 124.2441
GMB, ais, 2009.0000, -86.0030, 122.1599
GMB, ais, 2009.0833, -92.4973, 125.5501
GMB, ais, 2009.1667, -91.9353, 124.4274
GMB, ais, 2009.2500, -82.0737, 120.2963
GMB, ais, 2009.3333, -80.0742, 119.6523
GMB, ais, 2009.4167, -83.2215, 119.9069
GMB, ais, 2009.5000, -84.0317, 120.3969
GMB, ais, 2009.5833, -96.3787, 119.5851
GMB, ais, 2009.6667, -109.6388, 119.3526
GMB, ais, 2009.7500, -126.2379, 118.9879
GMB, ais, 2009.8333, -134.9757, 118.6609
GMB, ais, 2009.9167, -139.5464, 117.9033
GMB, ais, 2010.0000, -142.3683, 118.6718
GMB, ais, 2010.0833, -154.2910, 115.3002
GMB, ais, 2010.1667, -161.9235, 111.6132
GMB, ais, 2010.2500, -154.3928, 112.6233
GMB, ais, 2010.3333, -144.8696, 112.8206
GMB, ais, 2010.4167, -138.5264, 113.5790
GMB, ais, 2010.5000, -135.7292, 113.7629
GMB, ais, 2010.5833, -140.9137, 110.5630
GMB, ais, 2010.6667, -147.2479, 109.5846
GMB, ais, 2010.7500, -149.5904, 109.1316
GMB, ais, 2010.8333, -145.5690, 108.8982
GMB, ais, 2010.9167, -144.4333, 109.3622
GMB, ais, 2011.0000, -144.9962, 110.2046
GMB, ais, 2011.0833, -143.4239, 111.5893
GMB, ais, 2011.1667, -129.9801, 109.8760
GMB, ais, 2011.2500, -106.4516, 111.0050
GMB, ais, 2011.3333, -97.5484, 111.1377
GMB, ais, 2011.4167, -85.0054, 109.3774
GMB, ais, 2011.5000, -76.7437, 107.8150
GMB, ais, 2011.5833, -89.9653, 109.1497
GMB, ais, 2011.6667, -101.0904, 110.3282
GMB, ais, 2011.7500, -92.6855, 107.6142
GMB, ais, 2011.8333, -78.2285, 104.5554
GMB, ais, 2011.9167, -74.2006, 103.9033
GMB, ais, 2012.0000, -74.9809, 104.3609
GMB, ais, 2012.0833, -83.3574, 104.4216
GMB, ais, 2012.1667, -86.4066, 104.9533
GMB, ais, 2012.2500, -85.8403, 105.6293
GMB, ais, 2012.3333, -88.3721, 104.3826
GMB, ais, 2012.4167, -96.9532, 102.5032
GMB, ais, 2012.5000, -102.4610, 100.5057
GMB, ais, 2012.5833, -119.8170, 104.7663
GMB, ais, 2012.6667, -126.1974, 104.5301
GMB, ais, 2012.7500, -148.4265, 104.4642
GMB, ais, 2012.8333, -162.4532, 101.2124
GMB, ais, 2012.9167, -168.7834, 99.4033
GMB, ais, 2013.0000, -174.7729, 101.9752
GMB, ais, 2013.0833, -182.5791, 101.7765
GMB, ais, 2013.1667, -186.2575, 102.1273
GMB, ais, 2013.2500, -176.3955, 104.0519
GMB, ais, 2013.3333, -170.4059, 106.5878
GMB, ais, 2013.4167, -165.1942, 108.3131
GMB, ais, 2013.5000, -162.9814, 108.6323
GMB, ais, 2013.5833, -172.4039, 111.6094
GMB, ais, 2013.6667, -187.1408, 113.7043
GMB, ais, 2013.7500, -200.2597, 113.9481
GMB, ais, 2013.8333, -215.1385, 114.4284
GMB, ais, 2013.9167, -215.4023, 114.2586
GMB, ais, 2014.0000, -224.4802, 111.9102
GMB, ais, 2014.0833, -245.2127, 102.9043
GMB, ais, 2014.1667, -249.4303, 103.2934
GMB, ais, 2014.2500, -237.2665, 103.5457
GMB, ais, 2014.3333, -237.1342, 103.6164
GMB, ais, 2014.4167, -235.6349, 104.4147
GMB, ais, 2014.5000, -236.1965, 106.0297
GMB, ais, 2014.5833, -249.0206, 105.7189
GMB, ais, 2014.6667, -264.0575, 102.1238
GMB, ais, 2014.7500, -258.3517, 102.1736
GMB, ais, 2014.8333, -255.5765, 102.6020
GMB, ais, 2014.9167, -249.0830, 102.8973
GMB, ais, 2015.0000, -239.3650, 103.7861
GMB, ais, 2015.0833, -189.9518, 110.7819
GMB, ais, 2015.1667, -172.6184, 116.4328
GMB, ais, 2015.2500, -170.0571, 116.7967
GMB, ais, 2015.3333, -158.0365, 117.1227
GMB, ais, 2015.4167, -140.7842, 118.1457
GMB, ais, 2015.5000, -120.9399, 120.5055
GMB, ais, 2015.5833, -122.4737, 124.6625
GMB, ais, 2015.6667, -122.7713, 124.9286
GMB, ais, 2015.7500, -131.0706, 131.7469
GMB, ais, 2015.8333, -115.1738, 134.2433
GMB, ais, 2015.9167, -95.2229, 133.5222
GMB, ais, 2016.0000, -73.9545, 136.8195
GMB, ais, 2016.0833, -71.3224, 134.5418
GMB, ais, 2016.1667, -55.5549, 135.0541
GMB, ais, 2016.2500, -28.5704, 130.3588
GMB, ais, 2016.3333, -5.2812, 128.0264
GMB, ais, 2016.4167, 20.0498, 124.2046
GMB, ais, 2016.5000, 21.9062, 124.1479
GMB, ais, 2016.5833, 32.9908, 126.0047
GMB, ais, 2016.6667, 36.1911, 128.2017
GMB, ais, 2016.7500, 43.8288, 130.5823
GMB, ais, 2016.8333, 69.9126, 131.4264
GMB, ais, 2016.9167, 71.9838, 131.5526
GMB, ais, 2017.0000, 51.6672, 138.7602
GMB, ais, 2017.0833, 44.6469, 143.5864
GMB, ais, 2017.1667, 39.6531, 146.5371
GMB, ais, 2017.2500, 41.2596, 146.1150
GMB, ais, 2017.3333, -9.3013, 148.1668
GMB, ais, 2017.4167, -32.2785, 147.5679
GMB, ais, 2017.5000, -70.8955, 148.3134
GMB, ais, 2017.5833, -107.0644, 147.4210
GMB, ais, 2017.6667, -137.3947, 145.6830
GMB, ais, 2017.7500, -156.3016, 141.0620
GMB, ais, 2017.8333, -144.5650, 143.9892
GMB, ais, 2017.9167, -155.3065, 140.0552
GMB, ais, 2018.0000, -163.1783, 138.9663
GMB, ais, 2018.0833, -147.2965, 139.5490
GMB, ais, 2018.1667, -128.0272, 136.2867
GMB, ais, 2018.2500, -112.8084, 140.4261
GMB, ais, 2018.3333, -109.9552, 140.3551
GMB, ais, 2018.4167, -115.6690, 142.5962
GMB, ais, 2018.5000, -111.7895, 145.9114
GMB, ais, 2018.5833, -123.5041, 152.9240
GMB, ais, 2018.6667, -136.9184, 161.7971
GMB, ais, 2018.7500, -166.2498, 152.6469
GMB, ais, 2018.8333, -169.3618, 153.5408
GMB, ais, 2018.9167, -169.1737, 152.8055
GMB, ais, 2019.0000, -156.7789, 147.2097
GMB, ais, 2019.0833, -169.2274, 144.0822
GMB, ais, 2019.1667, -138.4134, 155.7539
GMB, ais, 2019.2500, -134.1445, 155.4678
GMB, ais, 2019.3333, -135.0450, 155.0538
GMB, ais, 2019.4167, -136.3557, 154.8245
GMB, ais, 2019.5000, -136.3557, 154.8245
GMB, ais, 2019.5833, -136.3557, 154.8245
GMB, ais, 2019.6667, -136.3557, 154.8245
GMB, ais, 2019.7500, -132.4372, 155.4469
GMB, ais, 2019.8333, -132.4372, 155.4469
GMB, ais, 2019.9167, -133.6154, 156.4226
GMB, ais, 2020.0000, -133.6154, 156.4226
GMB, ais, 2020.0833, -86.6646, 158.3368
GMB, ais, 2020.1667, -86.6646, 158.3368
GMB, ais, 2020.2500, -86.6646, 158.3368
GMB, ais, 2020.3333, -86.6646, 158.3368
GMB, ais, 2020.4167, -86.6646, 158.3368
GMB, ais, 2020.5000, -86.6646, 158.3368
GMB, ais, 2020.5833, -86.6646, 158.3368
GMB, ais, 2020.6667, -86.6646, 158.3368
GMB, ais, 2020.7500, -86.6646, 158.3368
GMB, ais, 2020.8333, -86.6646, 158.3368
GMB, ais, 2020.9167, -86.6646, 158.3368
IOM, ais, 1992.0000, 30.3000, 114.3434
IOM, ais, 1992.0833, 30.3000, 114.3434
IOM, ais, 1992.1667, 30.3000, 114.3434
IOM, ais, 1992.2500, 30.3000, 114.3434
IOM, ais, 1992.3333, 30.3000, 114.3434
IOM, ais, 1992.4167, 30.3000, 114.3434
IOM, ais, 1992.5000, 30.3000, 114.3434
IOM, ais, 1992.5833, 30.3000, 114.3434
IOM, ais, 1992.6667, 30.3000, 114.3434
IOM, ais, 1992.7500, 30.3000, 114.3434
IOM, ais, 1992.8333, 30.3000, 114.3434
IOM, ais, 1992.9167, 30.3000, 114.3434
IOM, ais, 1993.0000, -2.1667, 114.3434
IOM, ais, 1993.0833, -2.1667, 114.3434
IOM, ais, 1993.1667, -2.1667, 114.3434
IOM, ais, 1993.2500, -2.1667, 114.3434
IOM, ais, 1993.3333, -2.1667, 114.3434
IOM, ais, 1993.4167, -2.1667, 114.3434
IOM, ais, 1993.5000, -2.1667, 114.3434
IOM, ais, 1993.5833, -2.1667, 114.3434
IOM, ais, 1993.6667, -2.1667, 114.3434
IOM, ais, 1993.7500, -2.1667, 114.3434
IOM, ais, 1993.8333, -2.1667, 114.3434
IOM, ais, 1993.9167, -2.1667, 114.3434
IOM, ais, 1994.0000, -72.3667, 114.3434
IOM, ais, 1994.0833, -72.3667, 114.3434
IOM, ais, 1994.1667, -72.3667, 114.3434
IOM, ais, 1994.2500, -72.3667, 114.3434
IOM, ais, 1994.3333, -72.3667, 114.3434
IOM, ais, 1994.4167, -72.3667, 114.3434
IOM, ais, 1994.5000, -72.3667, 114.3434
IOM, ais, 1994.5833, -72.3667, 114.3434
IOM, ais, 1994.6667, -72.3667, 114.3434
IOM, ais, 1994.7500, -72.3667, 114.3434
IOM, ais, 1994.8333, -72.3667, 114.3434
IOM, ais, 1994.9167, -72.3667, 114.3434
IOM, ais, 1995.0000, -127.8000, 114.3434
IOM, ais, 1995.0833, -127.8000, 114.3434
IOM, ais, 1995.1667, -127.8000, 114.3434
IOM, ais, 1995.2500, -127.8000, 114.3434
IOM, ais, 1995.3333, -127.8000, 114.3434
IOM, ais, 1995.4167, -127.8000, 114.3434
IOM, ais, 1995.5000, -127.8000, 114.3434
IOM, ais, 1995.5833, -127.8000, 114.3434
IOM, ais, 1995.6667, -127.8000, 114.3434
IOM, ais, 1995.7500, -127.8000, 114.3434
IOM, ais, 1995.8333, -127.8000, 114.3434
IOM, ais, 1995.9167, -127.8000, 114.3434
IOM, ais, 1996.0000, -130.0000, 114.3434
IOM, ais, 1996.0833, -130.0000, 114.3434
IOM, ais, 1996.1667, -130.0000, 114.3434
IOM, ais, 1996.2500, -130.0000, 114.3434
IOM, ais, 1996.3333, -130.0000, 114.3434
IOM, ais, 1996.4167, -130.0000, 114.3434
IOM, ais, 1996.5000, -130.0000, 114.3434
IOM, ais, 1996.5833, -130.0000, 114.3434
IOM, ais, 1996.6667, -130.0000, 114.3434
IOM, ais, 1996.7500, -130.0000, 114.3434
IOM, ais, 1996.8333, -130.0000, 114.3434
IOM, ais, 1996.9167, -130.0000, 114.3434
IOM, ais, 1997.0000, -69.4333, 114.3434
IOM, ais, 1997.0833, -69.4333, 114.3434
IOM, ais, 1997.1667, -69.4333, 114.3434
IOM, ais, 1997.2500, -69.4333, 114.3434
IOM, ais, 1997.3333, -69.4333, 114.3434
IOM, ais, 1997.4167, -69.4333, 114.3434
IOM, ais, 1997.5000, -69.4333, 114.3434
IOM, ais, 1997.5833, -69.4333, 114.3434
IOM, ais, 1997.6667, -69.4333, 114.3434
IOM, ais, 1997.7500, -69.4333, 114.3434
IOM, ais, 1997.8333, -69.4333, 114.3434
IOM, ais, 1997.9167, -69.4333, 114.3434
IOM, ais, 1998.0000, -58.1000, 114.3434
IOM, ais, 1998.0833, -58.1000, 114.3434
IOM, ais, 1998.1667, -58.1000, 114.3434
IOM, ais, 1998.2500, -58.1000, 114.3434
IOM, ais, 1998.3333, -58.1000, 114.3434
IOM, ais, 1998.4167, -58.1000, 114.3434
IOM, ais, 1998.5000, -58.1000, 114.3434
IOM, ais, 1998.5833, -58.1000, 114.3434
IOM, ais, 1998.6667, -58.1000, 114.3434
IOM, ais, 1998.7500, -58.1000, 114.3434
IOM, ais, 1998.8333, -58.1000, 114.3434
IOM, ais, 1998.9167, -58.1000, 114.3434
IOM, ais, 1999.0000, -77.4000, 114.3434
IOM, ais, 1999.0833, -77.4000, 114.3434
IOM, ais, 1999.1667, -77.4000, 114.3434
IOM, ais, 1999.2500, -77.4000, 114.3434
IOM, ais, 1999.3333, -77.4000, 114.3434
IOM, ais, 1999.4167, -77.4000, 114.3434
IOM, ais, 1999.5000, -77.4000, 114.3434
IOM, ais, 1999.5833, -77.4000, 114.3434
IOM, ais, 1999.6667, -77.4000, 114.3434
IOM, ais, 1999.7500, -77.4000, 114.3434
IOM, ais, 1999.8333, -77.4000, 114.3434
IOM, ais, 1999.9167, -77.4000, 114.3434
IOM, ais, 2000.0000, -140.1667, 114.3434
IOM, ais, 2000.0833, -140.1667, 114.3434
IOM, ais, 2000.1667, -140.1667, 114.3434
IOM, ais, 2000.2500, -140.1667, 114.3434
IOM, ais, 2000.3333, -140.1667, 114.3434
IOM, ais, 2000.4167, -140.1667, 114.3434
IOM, ais, 2000.5000, -140.1667, 114.3434
IOM, ais, 2000.5833, -140.1667, 114.3434
IOM, ais, 2000.6667, -140.1667, 114.3434
IOM, ais, 2000.7500, -140.1667, 114.3434
IOM, ais, 2000.8333, -140.1667, 114.3434
IOM, ais, 2000.9167, -140.1667, 114.3434
IOM, ais, 2001.0000, -152.5333, 114.3434
IOM, ais, 2001.0833, -152.5333, 114.3434
IOM, ais, 2001.1667, -152.5333, 114.3434
IOM, ais, 2001.2500, -152.5333, 114.3434
IOM, ais, 2001.3333, -152.5333, 114.3434
IOM, ais, 2001.4167, -152.5333, 114.3434
IOM, ais, 2001.5000, -152.5333, 114.3434
IOM, ais, 2001.5833, -152.5333, 114.3434
IOM, ais, 2001.6667, -152.5333, 114.3434
IOM, ais, 2001.7500, -152.5333, 114.3434
IOM, ais, 2001.8333, -152.5333, 114.3434
IOM, ais, 2001.9167, -152.5333, 114.3434
IOM, ais, 2002.0000, -157.9667, 114.3434
IOM, ais, 2002.0833, -157.9667, 114.3434
IOM, ais, 2002.1667, -157.9667, 114.3434
IOM, ais, 2002.2500, -157.9667, 114.3434
IOM, ais, 2002.3333, -157.9667, 114.3434
IOM, ais, 2002.4167, -157.9667, 114.3434
IOM, ais, 2002.5000, -157.9667, 114.3434
IOM, ais, 2002.5833, -157.9667, 114.3434
IOM, ais, 2002.6667, -157.9667, 114.3434
IOM, ais, 2002.7500, -157.9667, 114.3434
IOM, ais, 2002.8333, -157.9667, 114.3434
IOM, ais, 2002.9167, -157.9667, 114.3434
IOM, ais, 2003.0000, -149.4000, 114.3434
IOM, ais, 2003.0833, -149.4000, 114.3434
IOM, ais, 2003.1667, -149.4000, 114.3434
IOM, ais, 2003.2500, -149.4000, 114.3434
IOM, ais, 2003.3333, -149.4000, 114.3434
IOM, ais, 2003.4167, -149.4000, 114.3434
IOM, ais, 2003.5000, -149.4000, 114.3434
IOM, ais, 2003.5833, -149.4000, 114.3434
IOM, ais, 2003.6667, -149.4000, 114.3434
IOM, ais, 2003.7500, -149.4000, 114.3434
IOM, ais, 2003.8333, -149.4000, 114.3434
IOM, ais, 2003.9167, -149.4000, 114.3434
IOM, ais, 2004.0000, -139.1667, 114.3434
IOM, ais, 2004.0833, -139.1667, 114.3434
IOM, ais, 2004.1667, -139.1667, 114.3434
IOM, ais, 2004.2500, -139.1667, 114.3434
IOM, ais, 2004.3333, -139.1667, 114.3434
IOM, ais, 2004.4167, -139.1667, 114.3434
IOM, ais, 2004.5000, -139.1667, 114.3434
IOM, ais, 2004.5833, -139.1667, 114.3434
IOM, ais, 2004.6667, -139.1667, 114.3434
IOM, ais, 2004.7500, -139.1667, 114.3434
IOM, ais, 2004.8333, -139.1667, 114.3434
IOM, ais, 2004.9167, -139.1667, 114.3434
IOM, ais, 2005.0000, -158.0333, 114.3434
IOM, ais, 2005.0833, -158.0333, 114.3434
IOM, ais, 2005.1667, -158.0333, 114.3434
IOM, ais, 2005.2500, -158.0333, 114.3434
IOM, ais, 2005.3333, -158.0333, 114.3434
IOM, ais, 2005.4167, -158.0333, 114.3434
IOM, ais, 2005.5000, -158.0333, 114.3434
IOM, ais, 2005.5833, -158.0333, 114.3434
IOM, ais, 2005.6667, -158.0333, 114.3434
IOM, ais, 2005.7500, -158.0333, 114.3434
IOM, ais, 2005.8333, -158.0333, 114.3434
IOM, ais, 2005.9167, -158.0333, 114.3434
IOM, ais, 2006.0000, -219.7667, 114.3434
IOM, ais, 2006.0833, -219.7667, 114.3434
IOM, ais, 2006.1667, -219.7667, 114.3434
IOM, ais, 2006.2500, -219.7667, 114.3434
IOM, ais, 2006.3333, -219.7667, 114.3434
IOM, ais, 2006.4167, -219.7667, 114.3434
IOM, ais, 2006.5000, -219.7667, 114.3434
IOM, ais, 2006.5833, -219.7667, 114.3434
IOM, ais, 2006.6667, -219.7667, 114.3434
IOM, ais, 2006.7500, -219.7667, 114.3434
IOM, ais, 2006.8333, -219.7667, 114.3434
IOM, ais, 2006.9167, -219.7667, 114.3434
IOM, ais, 2007.0000, -270.2667, 114.3434
IOM, ais, 2007.0833, -270.2667, 114.3434
IOM, ais, 2007.1667, -270.2667, 114.3434
IOM, ais, 2007.2500, -270.2667, 114.3434
IOM, ais, 2007.3333, -270.2667, 114.3434
IOM, ais, 2007.4167, -270.2667, 114.3434
IOM, ais, 2007.5000, -270.2667, 114.3434
IOM, ais, 2007.5833, -270.2667, 114.3434
IOM, ais, 2007.6667, -270.2667, 114.3434
IOM, ais, 2007.7500, -270.2667, 114.3434
IOM, ais, 2007.8333, -270.2667, 114.3434
IOM, ais, 2007.9167, -270.2667, 114.3434
IOM, ais, 2008.0000, -276.2333, 114.3434
IOM, ais, 2008.0833, -276.2333, 114.3434
IOM, ais, 2008.1667, -276.2333, 114.3434
IOM, ais, 2008.2500, -276.2333, 114.3434
IOM, ais, 2008.3333, -276.2333, 114.3434
IOM, ais, 2008.4167, -276.2333, 114.3434
IOM, ais, 2008.5000, -276.2333, 114.3434
IOM, ais, 2008.5833, -276.2333, 114.3434
IOM, ais, 2008.6667, -276.2333, 114.3434
IOM, ais, 2008.7500, -276.2333, 114.3434
IOM, ais, 2008.8333, -276.2333, 114.3434
IOM, ais, 2008.9167, -276.2333, 114.3434
IOM, ais, 2009.0000, -258.5667, 114.3434
IOM, ais, 2009.0833, -258.5667, 114.3434
IOM, ais, 2009.1667, -258.5667, 114.3434
IOM, ais, 2009.2500, -258.5667, 114.3434
IOM, ais, 2009.3333, -258.5667, 114.3434
IOM, ais, 2009.4167, -258.5667, 114.3434
IOM, ais, 2009.5000, -258.5667, 114.3434
IOM, ais, 2009.5833, -258.5667, 114.3434
IOM, ais, 2009.6667, -258.5667, 114.3434
IOM, ais, 2009.7500, -258.5667, 114.3434
IOM, ais, 2009.8333, -258.5667, 114.3434
IOM, ais, 2009.9167, -258.5667, 114.3434
IOM, ais, 2010.0000, -268.3000, 114.3434
IOM, ais, 2010.0833, -268.3000, 114.3434
IOM, ais, 2010.1667, -268.3000, 114.3434
IOM, ais, 2010.2500, -268.3000, 114.3434
IOM, ais, 2010.3333, -268.3000, 114.3434
IOM, ais, 2010.4167, -268.3000, 114.3434
IOM, ais, 2010.5000, -268.3000, 114.3434
IOM, ais, 2010.5833, -268.3000, 114.3434
IOM, ais, 2010.6667, -268.3000, 114.3434
IOM, ais, 2010.7500, -268.3000, 114.3434
IOM, ais, 2010.8333, -268.3000, 114.3434
IOM, ais, 2010.9167, -268.3000, 114.3434
IOM, ais, 2011.0000, -290.6333, 114.3434
IOM, ais, 2011.0833, -290.6333, 114.3434
IOM, ais, 2011.1667, -290.6333, 114.3434
IOM, ais, 2011.2500, -290.6333, 114.3434
IOM, ais, 2011.3333, -290.6333, 114.3434
IOM, ais, 2011.4167, -290.6333, 114.3434
IOM, ais, 2011.5000, -290.6333, 114.3434
IOM, ais, 2011.5833, -290.6333, 114.3434
IOM, ais, 2011.6667, -290.6333, 114.3434
IOM, ais, 2011.7500, -290.6333, 114.3434
IOM, ais, 2011.8333, -290.6333, 114.3434
IOM, ais, 2011.9167, -290.6333, 114.3434
IOM, ais, 2012.0000, -324.9333, 114.3434
IOM, ais, 2012.0833, -324.9333, 114.3434
IOM, ais, 2012.1667, -324.9333, 114.3434
IOM, ais, 2012.2500, -324.9333, 114.3434
IOM, ais, 2012.3333, -324.9333, 114.3434
IOM, ais, 2012.4167, -324.9333, 114.3434
IOM, ais, 2012.5000, -324.9333, 114.3434
IOM, ais, 2012.5833, -324.9333, 114.3434
IOM, ais, 2012.6667, -324.9333, 114.3434
IOM, ais, 2012.7500, -324.9333, 114.3434
IOM, ais, 2012.8333, -324.9333, 114.3434
IOM, ais, 2012.9167, -324.9333, 114.3434
IOM, ais, 2013.0000, -319.2667, 114.3434
IOM, ais, 2013.0833, -319.2667, 114.3434
IOM, ais, 2013.1667, -319.2667, 114.3434
IOM, ais, 2013.2500, -319.2667, 114.3434
IOM, ais, 2013.3333, -319.2667, 114.3434
IOM, ais, 2013.4167, -319.2667, 114.3434
IOM, ais, 2013.5000, -319.2667, 114.3434
IOM, ais, 2013.5833, -319.2667, 114.3434
IOM, ais, 2013.6667, -319.2667, 114.3434
IOM, ais, 2013.7500, -319.2667, 114.3434
IOM, ais, 2013.8333, -319.2667, 114.3434
IOM, ais, 2013.9167, -319.2667, 114.3434
IOM, ais, 2014.0000, -278.9000, 114.3434
IOM, ais, 2014.0833, -278.9000, 114.3434
IOM, ais, 2014.1667, -278.9000, 114.3434
IOM, ais, 2014.2500, -278.9000, 114.3434
IOM, ais, 2014.3333, -278.9000, 114.3434
IOM, ais, 2014.4167, -278.9000, 114.3434
IOM, ais, 2014.5000, -278.9000, 114.3434
IOM, ais, 2014.5833, -278.9000, 114.3434
IOM, ais, 2014.6667, -278.9000, 114.3434
IOM, ais, 2014.7500, -278.9000, 114.3434
IOM, ais, 2014.8333, -278.9000, 114.3434
IOM, ais, 2014.9167, -278.9000, 114.3434
IOM, ais, 2015.0000, -214.8000, 114.3434
IOM, ais, 2015.0833, -214.8000, 114.3434
IOM, ais, 2015.1667, -214.8000, 114.3434
IOM, ais, 2015.2500, -214.8000, 114.3434
IOM, ais, 2015.3333, -214.8000, 114.3434
IOM, ais, 2015.4167, -214.8000, 114.3434
IOM, ais, 2015.5000, -214.8000, 114.3434
IOM, ais, 2015.5833, -214.8000, 114.3434
IOM, ais, 2015.6667, -214.8000, 114.3434
IOM, ais, 2015.7500, -214.8000, 114.3434
IOM, ais, 2015.8333, -214.8000, 114.3434
IOM, ais, 2015.9167, -214.8000, 114.3434
IOM, ais, 2016.0000, -176.0667, 114.3434
IOM, ais, 2016.0833, -176.0667, 114.3434
IOM, ais, 2016.1667, -176.0667, 114.3434
IOM, ais, 2016.2500, -176.0667, 114.3434
IOM, ais, 2016.3333, -176.0667, 114.3434
IOM, ais, 2016.4167, -176.0667, 114.3434
IOM, ais, 2016.5000, -176.0667, 114.3434
IOM, ais, 2016.5833, -176.0667, 114.3434
IOM, ais, 2016.6667, -176.0667, 114.3434
IOM, ais, 2016.7500, -176.0667, 114.3434
IOM, ais, 2016.8333, -176.0667, 114.3434
IOM, ais, 2016.9167, -176.0667, 114.3434
IOM, ais, 2017.0000, -183.3333, 114.3434
IOM, ais, 2017.0833, -183.3333, 114.3434
IOM, ais, 2017.1667, -183.3333, 114.3434
IOM, ais, 2017.2500, -183.3333, 114.3434
IOM, ais, 2017.3333, -183.3333, 114.3434
IOM, ais, 2017.4167, -183.3333, 114.3434
IOM, ais, 2017.5000, -183.3333, 114.3434
IOM, ais, 2017.5833, -183.3333, 114.3434
IOM, ais, 2017.6667, -183.3333, 114.3434
IOM, ais, 2017.7500, -183.3333, 114.3434
IOM, ais, 2017.8333, -183.3333, 114.3434
IOM, ais, 2017.9167, -183.3333, 114.3434
IOM, ais, 2018.0000, -191.2333, 114.3434
IOM, ais, 2018.0833, -191.2333, 114.3434
IOM, ais, 2018.1667, -191.2333, 114.3434
IOM, ais, 2018.2500, -191.2333, 114.3434
IOM, ais, 2018.3333, -191.2333, 114.3434
IOM, ais, 2018.4167, -191.2333, 114.3434
IOM, ais, 2018.5000, -191.2333, 114.3434
IOM, ais, 2018.5833, -191.2333, 114.3434
IOM, ais, 2018.6667, -191.2333, 114.3434
IOM, ais, 2018.7500, -191.2333, 114.3434
IOM, ais, 2018.8333, -191.2333, 114.3434
IOM, ais, 2018.9167, -191.2333, 114.3434
IOM, ais, 2019.0000, -184.0000, 114.3434
IOM, ais, 2019.0833, -184.0000, 114.3434
IOM, ais, 2019.1667, -184.0000, 114.3434
IOM, ais, 2019.2500, -184.0000, 114.3434
IOM, ais, 2019.3333, -184.0000, 114.3434
IOM, ais, 2019.4167, -184.0000, 114.3434
IOM, ais, 2019.5000, -184.0000, 114.3434
IOM, ais, 2019.5833, -184.0000, 114.3434
IOM, ais, 2019.6667, -184.0000, 114.3434
IOM, ais, 2019.7500, -184.0000, 114.3434
IOM, ais, 2019.8333, -184.0000, 114.3434
IOM, ais, 2019.9167, -184.0000, 114.3434
