Participant Surname,Experiment Group,Drainage Region Set,Drainage Region ID,Drainage Region Area (km2),Drainage Region Area Observed (km2),Start Date (decimal years),End Date (decimal years),Rate of Mass Change (Gt/yr),Rate of Mass Change Uncertainty (Gt/yr)
Goelzer,SMB,Rignot,no,242953626507.16306,242953626507.16306,1991.0,1992.0,5.0562791431528895,2.8201939277778525
Goelzer,SMB,Rignot,no,242953626507.16306,242953626507.16306,1992.0,1993.0,27.715111708611996,2.4512376995179146
Goelzer,SMB,Rignot,no,242953626507.16306,242953626507.16306,1993.0,1994.0,-29.50009882631536,4.747859729290086
Goelzer,SMB,Rignot,no,242953626507.16306,242953626507.16306,1994.0,1995.0,0.8440995550890672,4.31757293268082
Goelzer,SMB,Rignot,no,242953626507.16306,242953626507.16306,1995.0,1996.0,-4.437246841196483,3.812881109455248
Goelzer,SMB,Rignot,no,242953626507.16306,242953626507.16306,1996.0,1997.0,17.988970830489055,3.055427225312542
Goelzer,SMB,Rignot,no,242953626507.16306,242953626507.16306,1997.0,1998.0,17.720938626462157,2.776615651756714
Goelzer,SMB,Rignot,no,242953626507.16306,242953626507.16306,1998.0,1999.0,-44.39350313113444,6.441533859655109
Goelzer,SMB,Rignot,no,242953626507.16306,242953626507.16306,1999.0,2000.0,-9.452196050225389,4.064130281112203
Goelzer,SMB,Rignot,no,242953626507.16306,242953626507.16306,2000.0,2001.0,22.002107089901074,3.02321800284838
Goelzer,SMB,Rignot,no,242953626507.16306,242953626507.16306,2001.0,2002.0,1.3229490368018064,4.502793821819875
Goelzer,SMB,Rignot,no,242953626507.16306,242953626507.16306,2002.0,2003.0,-27.746205228486595,5.083834365981717
Goelzer,SMB,Rignot,no,242953626507.16306,242953626507.16306,2003.0,2004.0,-48.60283014285884,6.2973758888547176
Goelzer,SMB,Rignot,no,242953626507.16306,242953626507.16306,2004.0,2005.0,-9.072930132130542,3.846581191652223
Goelzer,SMB,Rignot,no,242953626507.16306,242953626507.16306,2005.0,2006.0,-37.9774544723599,7.050616470192215
Goelzer,SMB,Rignot,no,242953626507.16306,242953626507.16306,2006.0,2007.0,-0.2932719318146332,4.139239586920753
Goelzer,SMB,Rignot,no,242953626507.16306,242953626507.16306,2007.0,2008.0,-19.474754691984135,4.974509807435934
Goelzer,SMB,Rignot,no,242953626507.16306,242953626507.16306,2008.0,2009.0,-39.98220890929702,6.558008021389257
Goelzer,SMB,Rignot,no,242953626507.16306,242953626507.16306,2009.0,2010.0,-51.27553569327878,6.6929388824838485
Goelzer,SMB,Rignot,no,242953626507.16306,242953626507.16306,2010.0,2011.0,-19.062878704781856,5.486074800502345
Goelzer,SMB,Rignot,no,242953626507.16306,242953626507.16306,2011.0,2012.0,-50.874008840708676,7.557375384879693
Goelzer,SMB,Rignot,no,242953626507.16306,242953626507.16306,2012.0,2013.0,-106.1723432404042,11.206608790651252
Goelzer,SMB,Rignot,no,242953626507.16306,242953626507.16306,2013.0,2014.0,-4.308326631325115,4.916213689676027
Goelzer,SMB,Rignot,no,242953626507.16306,242953626507.16306,2014.0,2015.0,-51.56530488102718,7.088517211461024
Goelzer,SMB,Rignot,no,242953626507.16306,242953626507.16306,2015.0,2016.0,-88.40432756807712,9.565204979988845
Goelzer,SMB,Rignot,no,242953626507.16306,242953626507.16306,2016.0,2017.0,-34.541489414818045,6.9436578604417
Goelzer,SMB,Rignot,no,242953626507.16306,242953626507.16306,2017.0,2018.0,1.8300207046485728,4.144768456101216
Goelzer,SMB,Rignot,no,242953626507.16306,242953626507.16306,2018.0,2019.0,1.5166801181658325,3.02838593427705
Goelzer,SMB,Rignot,no,242953626507.16306,242953626507.16306,2019.0,2020.0,-84.96899063104786,9.112629550763312
Goelzer,SMB,Rignot,no,242953626507.16306,242953626507.16306,2020.0,2021.0,-34.11074660355819,6.233402406443696
Participant Surname,Experiment Group,Drainage Region Set,Drainage Region ID,Drainage Region Area (km2),Drainage Region Area Observed (km2),Start Date (decimal years),End Date (decimal years),Rate of Mass Change (Gt/yr),Rate of Mass Change Uncertainty (Gt/yr)
Goelzer,SMB,Rignot,ne,486259142354.3096,486259142354.3096,1991.0,1992.0,21.195951499944883,5.259427640467151
Goelzer,SMB,Rignot,ne,486259142354.3096,486259142354.3096,1992.0,1993.0,67.88445939001826,3.836089431961906
Goelzer,SMB,Rignot,ne,486259142354.3096,486259142354.3096,1993.0,1994.0,9.790531888778284,7.635539133565509
Goelzer,SMB,Rignot,ne,486259142354.3096,486259142354.3096,1994.0,1995.0,11.76340638799528,6.770275656564228
Goelzer,SMB,Rignot,ne,486259142354.3096,486259142354.3096,1995.0,1996.0,18.132429287070202,5.825114497401303
Goelzer,SMB,Rignot,ne,486259142354.3096,486259142354.3096,1996.0,1997.0,9.963946463103714,7.234985772844928
Goelzer,SMB,Rignot,ne,486259142354.3096,486259142354.3096,1997.0,1998.0,65.29385310048477,4.629634143498018
Goelzer,SMB,Rignot,ne,486259142354.3096,486259142354.3096,1998.0,1999.0,-9.29262792553426,8.621587029019192
Goelzer,SMB,Rignot,ne,486259142354.3096,486259142354.3096,1999.0,2000.0,43.557510909599365,7.350140962253541
Goelzer,SMB,Rignot,ne,486259142354.3096,486259142354.3096,2000.0,2001.0,17.412659418682495,5.762057857961193
Goelzer,SMB,Rignot,ne,486259142354.3096,486259142354.3096,2001.0,2002.0,41.03592444060116,5.225025614896347
Goelzer,SMB,Rignot,ne,486259142354.3096,486259142354.3096,2002.0,2003.0,-66.87238551185013,12.29724691278312
Goelzer,SMB,Rignot,ne,486259142354.3096,486259142354.3096,2003.0,2004.0,-42.346006474103945,8.392320767105808
Goelzer,SMB,Rignot,ne,486259142354.3096,486259142354.3096,2004.0,2005.0,-24.297452064289303,8.278161981728475
Goelzer,SMB,Rignot,ne,486259142354.3096,486259142354.3096,2005.0,2006.0,-45.389645833452974,11.206547729441667
Goelzer,SMB,Rignot,ne,486259142354.3096,486259142354.3096,2006.0,2007.0,21.30843858412633,7.008161340065608
Goelzer,SMB,Rignot,ne,486259142354.3096,486259142354.3096,2007.0,2008.0,-14.070455545212559,7.429973770964098
Goelzer,SMB,Rignot,ne,486259142354.3096,486259142354.3096,2008.0,2009.0,20.03411012849356,8.914074397865024
Goelzer,SMB,Rignot,ne,486259142354.3096,486259142354.3096,2009.0,2010.0,-18.596494153668438,8.776432880202126
Goelzer,SMB,Rignot,ne,486259142354.3096,486259142354.3096,2010.0,2011.0,-39.97280953847641,8.680583904416638
Goelzer,SMB,Rignot,ne,486259142354.3096,486259142354.3096,2011.0,2012.0,13.547989250035329,8.13960600296172
Goelzer,SMB,Rignot,ne,486259142354.3096,486259142354.3096,2012.0,2013.0,-33.99352666137225,10.85673880709739
Goelzer,SMB,Rignot,ne,486259142354.3096,486259142354.3096,2013.0,2014.0,59.81385752026319,5.636432425004647
Goelzer,SMB,Rignot,ne,486259142354.3096,486259142354.3096,2014.0,2015.0,39.610707020018936,7.31993262521549
Goelzer,SMB,Rignot,ne,486259142354.3096,486259142354.3096,2015.0,2016.0,-9.264065066514824,11.045282601911174
Goelzer,SMB,Rignot,ne,486259142354.3096,486259142354.3096,2016.0,2017.0,-31.737018012612793,10.513182869582373
Goelzer,SMB,Rignot,ne,486259142354.3096,486259142354.3096,2017.0,2018.0,12.756033565447174,7.042313815282549
Goelzer,SMB,Rignot,ne,486259142354.3096,486259142354.3096,2018.0,2019.0,79.58137504514622,4.4204631494311375
Goelzer,SMB,Rignot,ne,486259142354.3096,486259142354.3096,2019.0,2020.0,-96.64273427139037,12.443739684741244
Goelzer,SMB,Rignot,ne,486259142354.3096,486259142354.3096,2020.0,2021.0,41.88390307857002,8.402114350404178
Participant Surname,Experiment Group,Drainage Region Set,Drainage Region ID,Drainage Region Area (km2),Drainage Region Area Observed (km2),Start Date (decimal years),End Date (decimal years),Rate of Mass Change (Gt/yr),Rate of Mass Change Uncertainty (Gt/yr)
Goelzer,SMB,Rignot,se,288218802773.47565,288218802773.47565,1991.0,1992.0,194.11932326832897,12.945007089564143
Goelzer,SMB,Rignot,se,288218802773.47565,288218802773.47565,1992.0,1993.0,252.06786780789216,8.65686846623948
Goelzer,SMB,Rignot,se,288218802773.47565,288218802773.47565,1993.0,1994.0,242.249538560176,9.786108277589355
Goelzer,SMB,Rignot,se,288218802773.47565,288218802773.47565,1994.0,1995.0,115.33277861995838,14.273243590718781
Goelzer,SMB,Rignot,se,288218802773.47565,288218802773.47565,1995.0,1996.0,109.80219308848133,13.742548155473195
Goelzer,SMB,Rignot,se,288218802773.47565,288218802773.47565,1996.0,1997.0,264.92038689046973,10.182487601202958
Goelzer,SMB,Rignot,se,288218802773.47565,288218802773.47565,1997.0,1998.0,211.3043266467964,10.40594225048804
Goelzer,SMB,Rignot,se,288218802773.47565,288218802773.47565,1998.0,1999.0,160.91113533251814,12.463145126622372
Goelzer,SMB,Rignot,se,288218802773.47565,288218802773.47565,1999.0,2000.0,144.63927314520944,13.412089140310199
Goelzer,SMB,Rignot,se,288218802773.47565,288218802773.47565,2000.0,2001.0,143.8571203380075,12.863519826205
Goelzer,SMB,Rignot,se,288218802773.47565,288218802773.47565,2001.0,2002.0,202.40864742834313,9.299283978607804
Goelzer,SMB,Rignot,se,288218802773.47565,288218802773.47565,2002.0,2003.0,304.52965266595356,11.536883862547219
Goelzer,SMB,Rignot,se,288218802773.47565,288218802773.47565,2003.0,2004.0,253.58393402831422,11.525913823468303
Goelzer,SMB,Rignot,se,288218802773.47565,288218802773.47565,2004.0,2005.0,153.19852258709386,13.348427053643238
Goelzer,SMB,Rignot,se,288218802773.47565,288218802773.47565,2005.0,2006.0,97.50991167368933,17.940291107772396
Goelzer,SMB,Rignot,se,288218802773.47565,288218802773.47565,2006.0,2007.0,107.35719062313117,13.921857221552225
Goelzer,SMB,Rignot,se,288218802773.47565,288218802773.47565,2007.0,2008.0,174.28834184538866,12.939699911555827
Goelzer,SMB,Rignot,se,288218802773.47565,288218802773.47565,2008.0,2009.0,216.71522436856986,11.98245472108362
Goelzer,SMB,Rignot,se,288218802773.47565,288218802773.47565,2009.0,2010.0,164.8291170452354,13.73783299356783
Goelzer,SMB,Rignot,se,288218802773.47565,288218802773.47565,2010.0,2011.0,59.324912498439126,19.354169262049613
Goelzer,SMB,Rignot,se,288218802773.47565,288218802773.47565,2011.0,2012.0,149.11784029511415,12.516802797781402
Goelzer,SMB,Rignot,se,288218802773.47565,288218802773.47565,2012.0,2013.0,-3.466903633003384,22.835058705682314
Goelzer,SMB,Rignot,se,288218802773.47565,288218802773.47565,2013.0,2014.0,173.52918421753373,13.569112798816066
Goelzer,SMB,Rignot,se,288218802773.47565,288218802773.47565,2014.0,2015.0,239.89109581955506,12.574660262946889
Goelzer,SMB,Rignot,se,288218802773.47565,288218802773.47565,2015.0,2016.0,197.57632341553997,11.44003519146275
Goelzer,SMB,Rignot,se,288218802773.47565,288218802773.47565,2016.0,2017.0,146.54987795826545,16.97946565114748
Goelzer,SMB,Rignot,se,288218802773.47565,288218802773.47565,2017.0,2018.0,200.46403711735206,11.748840326779273
Goelzer,SMB,Rignot,se,288218802773.47565,288218802773.47565,2018.0,2019.0,238.2993462904714,10.290889945010182
Goelzer,SMB,Rignot,se,288218802773.47565,288218802773.47565,2019.0,2020.0,178.86418569860953,14.925840515325996
Goelzer,SMB,Rignot,se,288218802773.47565,288218802773.47565,2020.0,2021.0,197.0950770898936,11.303206397691497
Participant Surname,Experiment Group,Drainage Region Set,Drainage Region ID,Drainage Region Area (km2),Drainage Region Area Observed (km2),Start Date (decimal years),End Date (decimal years),Rate of Mass Change (Gt/yr),Rate of Mass Change Uncertainty (Gt/yr)
Goelzer,SMB,Rignot,sw,210001246319.8304,210001246319.8304,1991.0,1992.0,66.12631954579038,7.89165520718221
Goelzer,SMB,Rignot,sw,210001246319.8304,210001246319.8304,1992.0,1993.0,91.48638576293477,4.513506414540636
Goelzer,SMB,Rignot,sw,210001246319.8304,210001246319.8304,1993.0,1994.0,105.64883999341816,4.447733931016087
Goelzer,SMB,Rignot,sw,210001246319.8304,210001246319.8304,1994.0,1995.0,39.20604241909952,8.050882668036287
Goelzer,SMB,Rignot,sw,210001246319.8304,210001246319.8304,1995.0,1996.0,40.26882308404427,8.271362074652394
Goelzer,SMB,Rignot,sw,210001246319.8304,210001246319.8304,1996.0,1997.0,132.9886562679037,4.4487150232670425
Goelzer,SMB,Rignot,sw,210001246319.8304,210001246319.8304,1997.0,1998.0,83.3238867881615,6.502143710132484
Goelzer,SMB,Rignot,sw,210001246319.8304,210001246319.8304,1998.0,1999.0,40.19932585567741,7.522627614244455
Goelzer,SMB,Rignot,sw,210001246319.8304,210001246319.8304,1999.0,2000.0,68.68104550839587,7.672362364300042
Goelzer,SMB,Rignot,sw,210001246319.8304,210001246319.8304,2000.0,2001.0,73.19482644722923,7.1833385120283015
Goelzer,SMB,Rignot,sw,210001246319.8304,210001246319.8304,2001.0,2002.0,106.82783664504346,5.264141022536652
Goelzer,SMB,Rignot,sw,210001246319.8304,210001246319.8304,2002.0,2003.0,47.474929393881375,7.789790112030277
Goelzer,SMB,Rignot,sw,210001246319.8304,210001246319.8304,2003.0,2004.0,81.69502838730891,6.997198133254259
Goelzer,SMB,Rignot,sw,210001246319.8304,210001246319.8304,2004.0,2005.0,92.69419838353426,6.020662279038411
Goelzer,SMB,Rignot,sw,210001246319.8304,210001246319.8304,2005.0,2006.0,103.18618036771426,7.462630391377641
Goelzer,SMB,Rignot,sw,210001246319.8304,210001246319.8304,2006.0,2007.0,19.197017075810045,9.1083220826889
Goelzer,SMB,Rignot,sw,210001246319.8304,210001246319.8304,2007.0,2008.0,47.3142027064059,9.931226351435836
Goelzer,SMB,Rignot,sw,210001246319.8304,210001246319.8304,2008.0,2009.0,82.68908836398491,6.2843969369019215
Goelzer,SMB,Rignot,sw,210001246319.8304,210001246319.8304,2009.0,2010.0,-5.242033541579818,8.978409157714562
Goelzer,SMB,Rignot,sw,210001246319.8304,210001246319.8304,2010.0,2011.0,-34.606008325856855,13.486562781044118
Goelzer,SMB,Rignot,sw,210001246319.8304,210001246319.8304,2011.0,2012.0,-2.6086422712720485,9.806815854300831
Goelzer,SMB,Rignot,sw,210001246319.8304,210001246319.8304,2012.0,2013.0,21.815850567164503,13.299354068088572
Goelzer,SMB,Rignot,sw,210001246319.8304,210001246319.8304,2013.0,2014.0,69.98708749259407,6.39430555683269
Goelzer,SMB,Rignot,sw,210001246319.8304,210001246319.8304,2014.0,2015.0,45.75964388130476,7.841310683251721
Goelzer,SMB,Rignot,sw,210001246319.8304,210001246319.8304,2015.0,2016.0,66.18557751633844,5.65160570363819
Goelzer,SMB,Rignot,sw,210001246319.8304,210001246319.8304,2016.0,2017.0,-23.586745589317765,10.569692631016508
Goelzer,SMB,Rignot,sw,210001246319.8304,210001246319.8304,2017.0,2018.0,91.61631265221628,5.177505643357175
Goelzer,SMB,Rignot,sw,210001246319.8304,210001246319.8304,2018.0,2019.0,57.286088273833656,7.058019422911267
Goelzer,SMB,Rignot,sw,210001246319.8304,210001246319.8304,2019.0,2020.0,-40.99769941534097,11.519675103254471
Goelzer,SMB,Rignot,sw,210001246319.8304,210001246319.8304,2020.0,2021.0,83.3956158486407,7.190396113915055
Participant Surname,Experiment Group,Drainage Region Set,Drainage Region ID,Drainage Region Area (km2),Drainage Region Area Observed (km2),Start Date (decimal years),End Date (decimal years),Rate of Mass Change (Gt/yr),Rate of Mass Change Uncertainty (Gt/yr)
Goelzer,SMB,Rignot,cw,232967250876.3075,232967250876.3075,1991.0,1992.0,83.09267105527248,3.054389064826463
Goelzer,SMB,Rignot,cw,232967250876.3075,232967250876.3075,1992.0,1993.0,63.16912147513429,2.117931452664262
Goelzer,SMB,Rignot,cw,232967250876.3075,232967250876.3075,1993.0,1994.0,61.20419938523717,2.736651515138181
Goelzer,SMB,Rignot,cw,232967250876.3075,232967250876.3075,1994.0,1995.0,49.21494872114106,3.5652684580530964
Goelzer,SMB,Rignot,cw,232967250876.3075,232967250876.3075,1995.0,1996.0,48.92274888623092,4.069652767611826
Goelzer,SMB,Rignot,cw,232967250876.3075,232967250876.3075,1996.0,1997.0,111.21153683205738,2.3382366116966966
Goelzer,SMB,Rignot,cw,232967250876.3075,232967250876.3075,1997.0,1998.0,95.57636851689719,2.215934924010038
Goelzer,SMB,Rignot,cw,232967250876.3075,232967250876.3075,1998.0,1999.0,46.309725632572516,3.6277161057460305
Goelzer,SMB,Rignot,cw,232967250876.3075,232967250876.3075,1999.0,2000.0,74.99458209960295,3.9443807179235764
Goelzer,SMB,Rignot,cw,232967250876.3075,232967250876.3075,2000.0,2001.0,89.0822664995901,2.5056642200342596
Goelzer,SMB,Rignot,cw,232967250876.3075,232967250876.3075,2001.0,2002.0,79.56350679262604,2.9854231955488784
Goelzer,SMB,Rignot,cw,232967250876.3075,232967250876.3075,2002.0,2003.0,32.47024652472102,3.9518611053358197
Goelzer,SMB,Rignot,cw,232967250876.3075,232967250876.3075,2003.0,2004.0,78.46050575762611,3.2135829230751978
Goelzer,SMB,Rignot,cw,232967250876.3075,232967250876.3075,2004.0,2005.0,72.91039045682786,3.399653034143993
Goelzer,SMB,Rignot,cw,232967250876.3075,232967250876.3075,2005.0,2006.0,73.61141943982112,4.382769164726937
Goelzer,SMB,Rignot,cw,232967250876.3075,232967250876.3075,2006.0,2007.0,46.35502673395393,3.56248034395082
Goelzer,SMB,Rignot,cw,232967250876.3075,232967250876.3075,2007.0,2008.0,41.699152190801364,5.448621341155006
Goelzer,SMB,Rignot,cw,232967250876.3075,232967250876.3075,2008.0,2009.0,74.2871824398901,3.4294319399337314
Goelzer,SMB,Rignot,cw,232967250876.3075,232967250876.3075,2009.0,2010.0,18.431699327151208,4.292533083257276
Goelzer,SMB,Rignot,cw,232967250876.3075,232967250876.3075,2010.0,2011.0,56.862159738603744,5.346929317161273
Goelzer,SMB,Rignot,cw,232967250876.3075,232967250876.3075,2011.0,2012.0,10.305464862419273,5.70310341888868
Goelzer,SMB,Rignot,cw,232967250876.3075,232967250876.3075,2012.0,2013.0,56.24264858184621,6.068225373294448
Goelzer,SMB,Rignot,cw,232967250876.3075,232967250876.3075,2013.0,2014.0,62.712423678941725,3.3935061797134707
Goelzer,SMB,Rignot,cw,232967250876.3075,232967250876.3075,2014.0,2015.0,53.081812690310855,3.8016496104880524
Goelzer,SMB,Rignot,cw,232967250876.3075,232967250876.3075,2015.0,2016.0,40.878639469878856,3.9077356030368002
Goelzer,SMB,Rignot,cw,232967250876.3075,232967250876.3075,2016.0,2017.0,10.970927676203015,5.609906092292536
Goelzer,SMB,Rignot,cw,232967250876.3075,232967250876.3075,2017.0,2018.0,83.05612068982401,2.6033194199302994
Goelzer,SMB,Rignot,cw,232967250876.3075,232967250876.3075,2018.0,2019.0,48.95531944183672,3.482705416896935
Goelzer,SMB,Rignot,cw,232967250876.3075,232967250876.3075,2019.0,2020.0,-19.25168940525389,6.2848844208859225
Goelzer,SMB,Rignot,cw,232967250876.3075,232967250876.3075,2020.0,2021.0,63.25291096093215,3.7678489972702227
Participant Surname,Experiment Group,Drainage Region Set,Drainage Region ID,Drainage Region Area (km2),Drainage Region Area Observed (km2),Start Date (decimal years),End Date (decimal years),Rate of Mass Change (Gt/yr),Rate of Mass Change Uncertainty (Gt/yr)
Goelzer,SMB,Rignot,nw,278327741339.68353,278327741339.68353,1991.0,1992.0,60.3803589889995,4.240862295763953
Goelzer,SMB,Rignot,nw,278327741339.68353,278327741339.68353,1992.0,1993.0,64.14065119055506,3.1564753068272466
Goelzer,SMB,Rignot,nw,278327741339.68353,278327741339.68353,1993.0,1994.0,25.002448402559644,5.66651851620867
Goelzer,SMB,Rignot,nw,278327741339.68353,278327741339.68353,1994.0,1995.0,54.26885646458421,5.078975291333824
Goelzer,SMB,Rignot,nw,278327741339.68353,278327741339.68353,1995.0,1996.0,65.34359239842162,5.245728264295187
Goelzer,SMB,Rignot,nw,278327741339.68353,278327741339.68353,1996.0,1997.0,104.12312467784812,3.0815022886557055
Goelzer,SMB,Rignot,nw,278327741339.68353,278327741339.68353,1997.0,1998.0,98.31307004099844,2.708122616398428
Goelzer,SMB,Rignot,nw,278327741339.68353,278327741339.68353,1998.0,1999.0,38.34645061289343,6.605191306222052
Goelzer,SMB,Rignot,nw,278327741339.68353,278327741339.68353,1999.0,2000.0,41.11633829734904,5.651280361225352
Goelzer,SMB,Rignot,nw,278327741339.68353,278327741339.68353,2000.0,2001.0,85.51864978908368,3.613733089518646
Goelzer,SMB,Rignot,nw,278327741339.68353,278327741339.68353,2001.0,2002.0,64.62099773600377,5.506292188379913
Goelzer,SMB,Rignot,nw,278327741339.68353,278327741339.68353,2002.0,2003.0,15.573292058443512,5.621487802459825
Goelzer,SMB,Rignot,nw,278327741339.68353,278327741339.68353,2003.0,2004.0,69.08248477502303,5.557824592076279
Goelzer,SMB,Rignot,nw,278327741339.68353,278327741339.68353,2004.0,2005.0,86.38765904758925,3.81475004180603
Goelzer,SMB,Rignot,nw,278327741339.68353,278327741339.68353,2005.0,2006.0,47.06666438117315,7.487741718592721
Goelzer,SMB,Rignot,nw,278327741339.68353,278327741339.68353,2006.0,2007.0,12.255210788657006,6.369933092414939
Goelzer,SMB,Rignot,nw,278327741339.68353,278327741339.68353,2007.0,2008.0,0.9163046470595787,9.101611676751233
Goelzer,SMB,Rignot,nw,278327741339.68353,278327741339.68353,2008.0,2009.0,27.23087487391899,6.486492943564622
Goelzer,SMB,Rignot,nw,278327741339.68353,278327741339.68353,2009.0,2010.0,-26.718714415160857,8.329355855163898
Goelzer,SMB,Rignot,nw,278327741339.68353,278327741339.68353,2010.0,2011.0,76.61615508689907,6.276003125255855
Goelzer,SMB,Rignot,nw,278327741339.68353,278327741339.68353,2011.0,2012.0,-9.965501608893403,10.108464539635165
Goelzer,SMB,Rignot,nw,278327741339.68353,278327741339.68353,2012.0,2013.0,25.765933186367317,10.120435682774822
Goelzer,SMB,Rignot,nw,278327741339.68353,278327741339.68353,2013.0,2014.0,58.720914255629935,4.872606690639479
Goelzer,SMB,Rignot,nw,278327741339.68353,278327741339.68353,2014.0,2015.0,43.29520300722721,6.653308045495339
Goelzer,SMB,Rignot,nw,278327741339.68353,278327741339.68353,2015.0,2016.0,-10.565349835955159,8.742533279664334
Goelzer,SMB,Rignot,nw,278327741339.68353,278327741339.68353,2016.0,2017.0,11.711725220318911,8.66474297081367
Goelzer,SMB,Rignot,nw,278327741339.68353,278327741339.68353,2017.0,2018.0,79.659938650014,4.209886827402005
Goelzer,SMB,Rignot,nw,278327741339.68353,278327741339.68353,2018.0,2019.0,81.12033105230857,3.056408332172266
Goelzer,SMB,Rignot,nw,278327741339.68353,278327741339.68353,2019.0,2020.0,-16.422991050355083,10.330130585947584
Goelzer,SMB,Rignot,nw,278327741339.68353,278327741339.68353,2020.0,2021.0,24.752107929419257,6.5892492669898255
Participant Surname,Experiment Group,Drainage Region Set,Drainage Region ID,Drainage Region Area (km2),Drainage Region Area Observed (km2),Start Date (decimal years),End Date (decimal years),Rate of Mass Change (Gt/yr),Rate of Mass Change Uncertainty (Gt/yr)
Goelzer,SMB,Rignot,gr,1738727810170.7698,1738727810170.7698,1991.0,1992.0,429.97090350149927,36.210822047117844
Goelzer,SMB,Rignot,gr,1738727810170.7698,1738727810170.7698,1992.0,1993.0,566.4635973351882,24.73174924189248
Goelzer,SMB,Rignot,gr,1738727810170.7698,1738727810170.7698,1993.0,1994.0,414.3954594038777,35.01947260505723
Goelzer,SMB,Rignot,gr,1738727810170.7698,1738727810170.7698,1994.0,1995.0,270.63013216787294,42.055978506786246
Goelzer,SMB,Rignot,gr,1738727810170.7698,1738727810170.7698,1995.0,1996.0,278.0325399030407,40.966978921148744
Goelzer,SMB,Rignot,gr,1738727810170.7698,1738727810170.7698,1996.0,1997.0,641.1966219618263,30.34073323424198
Goelzer,SMB,Rignot,gr,1738727810170.7698,1738727810170.7698,1997.0,1998.0,571.5324437197739,29.23788065626458
Goelzer,SMB,Rignot,gr,1738727810170.7698,1738727810170.7698,1998.0,1999.0,232.08050637700885,45.281141611834194
Goelzer,SMB,Rignot,gr,1738727810170.7698,1738727810170.7698,1999.0,2000.0,363.53655390995607,42.093873244448275
Goelzer,SMB,Rignot,gr,1738727810170.7698,1738727810170.7698,2000.0,2001.0,431.0676295824938,34.951164561184555
Goelzer,SMB,Rignot,gr,1738727810170.7698,1738727810170.7698,2001.0,2002.0,495.77986207941393,32.7825505004624
Goelzer,SMB,Rignot,gr,1738727810170.7698,1738727810170.7698,2002.0,2003.0,305.42952990268486,46.28002565735479
Goelzer,SMB,Rignot,gr,1738727810170.7698,1738727810170.7698,2003.0,2004.0,391.8731163313192,41.98320922270867
Goelzer,SMB,Rignot,gr,1738727810170.7698,1738727810170.7698,2004.0,2005.0,371.8203882786268,38.70756308781906
Goelzer,SMB,Rignot,gr,1738727810170.7698,1738727810170.7698,2005.0,2006.0,238.0070755565831,55.52991096108327
Goelzer,SMB,Rignot,gr,1738727810170.7698,1738727810170.7698,2006.0,2007.0,206.17961187386433,44.10976147885179
Goelzer,SMB,Rignot,gr,1738727810170.7698,1738727810170.7698,2007.0,2008.0,230.67279115244557,49.824871933079294
Goelzer,SMB,Rignot,gr,1738727810170.7698,1738727810170.7698,2008.0,2009.0,380.9742712655787,43.653922348692205
Goelzer,SMB,Rignot,gr,1738727810170.7698,1738727810170.7698,2009.0,2010.0,81.42803856869061,50.80690585806016
Goelzer,SMB,Rignot,gr,1738727810170.7698,1738727810170.7698,2010.0,2011.0,99.1615307548364,58.62998006463489
Goelzer,SMB,Rignot,gr,1738727810170.7698,1738727810170.7698,2011.0,2012.0,109.5231416866983,53.831610346868
Goelzer,SMB,Rignot,gr,1738727810170.7698,1738727810170.7698,2012.0,2013.0,-39.808341199396835,74.3858663376094
Goelzer,SMB,Rignot,gr,1738727810170.7698,1738727810170.7698,2013.0,2014.0,420.455140533656,38.78183635403303
Goelzer,SMB,Rignot,gr,1738727810170.7698,1738727810170.7698,2014.0,2015.0,370.0731575374035,45.2786080223756
Goelzer,SMB,Rignot,gr,1738727810170.7698,1738727810170.7698,2015.0,2016.0,196.40679793119122,50.35065226615652
Goelzer,SMB,Rignot,gr,1738727810170.7698,1738727810170.7698,2016.0,2017.0,79.36727783804766,59.28022738521647
Goelzer,SMB,Rignot,gr,1738727810170.7698,1738727810170.7698,2017.0,2018.0,469.3824633794979,34.9260577881582
Goelzer,SMB,Rignot,gr,1738727810170.7698,1738727810170.7698,2018.0,2019.0,506.75914022174436,31.33630607739479
Goelzer,SMB,Rignot,gr,1738727810170.7698,1738727810170.7698,2019.0,2020.0,-79.41991907478265,64.61627622062004
Goelzer,SMB,Rignot,gr,1738727810170.7698,1738727810170.7698,2020.0,2021.0,376.26886830388605,43.48534898253394
Participant Surname,Experiment Group,Drainage Region Set,Drainage Region ID,Drainage Region Area (km2),Drainage Region Area Observed (km2),Start Date (decimal years),End Date (decimal years),Rate of Mass Change (Gt/yr),Rate of Mass Change Uncertainty (Gt/yr)
Goelzer,SMB,Zwally,z11,131119529041.05186,131119529041.05186,1991.0,1992.0,2.0118484102989496,1.5619576341654908
Goelzer,SMB,Zwally,z11,131119529041.05186,131119529041.05186,1992.0,1993.0,12.940323379255341,1.4708949623711085
Goelzer,SMB,Zwally,z11,131119529041.05186,131119529041.05186,1993.0,1994.0,-13.758258055480736,2.439072302143132
Goelzer,SMB,Zwally,z11,131119529041.05186,131119529041.05186,1994.0,1995.0,0.11625103271011997,2.4613606824551275
Goelzer,SMB,Zwally,z11,131119529041.05186,131119529041.05186,1995.0,1996.0,-5.1555293020496515,2.2032410980885144
Goelzer,SMB,Zwally,z11,131119529041.05186,131119529041.05186,1996.0,1997.0,12.60114204794249,1.547260568025933
Goelzer,SMB,Zwally,z11,131119529041.05186,131119529041.05186,1997.0,1998.0,7.688316316511726,1.6871395303375276
Goelzer,SMB,Zwally,z11,131119529041.05186,131119529041.05186,1998.0,1999.0,-18.370477072623544,3.39958877777363
Goelzer,SMB,Zwally,z11,131119529041.05186,131119529041.05186,1999.0,2000.0,-8.014638493640982,2.0265594553885804
Goelzer,SMB,Zwally,z11,131119529041.05186,131119529041.05186,2000.0,2001.0,16.045426534397162,1.574911161459134
Goelzer,SMB,Zwally,z11,131119529041.05186,131119529041.05186,2001.0,2002.0,4.370325764996329,2.487829703287553
Goelzer,SMB,Zwally,z11,131119529041.05186,131119529041.05186,2002.0,2003.0,-6.573537457662552,2.3736360186198477
Goelzer,SMB,Zwally,z11,131119529041.05186,131119529041.05186,2003.0,2004.0,-27.736638752196843,3.5287040943800685
Goelzer,SMB,Zwally,z11,131119529041.05186,131119529041.05186,2004.0,2005.0,0.7175993233328665,1.9238904278273237
Goelzer,SMB,Zwally,z11,131119529041.05186,131119529041.05186,2005.0,2006.0,-20.570755721422323,3.87572036073529
Goelzer,SMB,Zwally,z11,131119529041.05186,131119529041.05186,2006.0,2007.0,-4.649244351223679,2.356145370452568
Goelzer,SMB,Zwally,z11,131119529041.05186,131119529041.05186,2007.0,2008.0,-23.670619208784622,3.2806074479482628
Goelzer,SMB,Zwally,z11,131119529041.05186,131119529041.05186,2008.0,2009.0,-22.856909655515768,3.526890832031504
Goelzer,SMB,Zwally,z11,131119529041.05186,131119529041.05186,2009.0,2010.0,-32.04627519161052,3.7459668311842664
Goelzer,SMB,Zwally,z11,131119529041.05186,131119529041.05186,2010.0,2011.0,-11.626744813205335,3.173892366619473
Goelzer,SMB,Zwally,z11,131119529041.05186,131119529041.05186,2011.0,2012.0,-33.18265166950793,4.369431831541245
Goelzer,SMB,Zwally,z11,131119529041.05186,131119529041.05186,2012.0,2013.0,-70.49416874593351,6.968139127372992
Goelzer,SMB,Zwally,z11,131119529041.05186,131119529041.05186,2013.0,2014.0,-6.830303305410801,3.0703720297061046
Goelzer,SMB,Zwally,z11,131119529041.05186,131119529041.05186,2014.0,2015.0,-38.400761633208326,4.462950365059587
Goelzer,SMB,Zwally,z11,131119529041.05186,131119529041.05186,2015.0,2016.0,-52.73388619243781,5.275506209535021
Goelzer,SMB,Zwally,z11,131119529041.05186,131119529041.05186,2016.0,2017.0,-16.054127331656268,3.7715027764753772
Goelzer,SMB,Zwally,z11,131119529041.05186,131119529041.05186,2017.0,2018.0,11.598200428844335,1.8280029685612293
Goelzer,SMB,Zwally,z11,131119529041.05186,131119529041.05186,2018.0,2019.0,1.72914896002556,1.6792959148517193
Goelzer,SMB,Zwally,z11,131119529041.05186,131119529041.05186,2019.0,2020.0,-51.467974085069905,5.277322642586669
Goelzer,SMB,Zwally,z11,131119529041.05186,131119529041.05186,2020.0,2021.0,-13.505005824614015,3.0162715786206262
Participant Surname,Experiment Group,Drainage Region Set,Drainage Region ID,Drainage Region Area (km2),Drainage Region Area Observed (km2),Start Date (decimal years),End Date (decimal years),Rate of Mass Change (Gt/yr),Rate of Mass Change Uncertainty (Gt/yr)
Goelzer,SMB,Zwally,z12,63784216879.60625,63784216879.60625,1991.0,1992.0,2.527121801266109,0.6367306195753235
Goelzer,SMB,Zwally,z12,63784216879.60625,63784216879.60625,1992.0,1993.0,10.02933452861932,0.5035260254788451
Goelzer,SMB,Zwally,z12,63784216879.60625,63784216879.60625,1993.0,1994.0,-5.479178950734927,1.0506058785233752
Goelzer,SMB,Zwally,z12,63784216879.60625,63784216879.60625,1994.0,1995.0,4.5023269207725045,0.8481335404116148
Goelzer,SMB,Zwally,z12,63784216879.60625,63784216879.60625,1995.0,1996.0,2.574869904320478,0.7396843900723344
Goelzer,SMB,Zwally,z12,63784216879.60625,63784216879.60625,1996.0,1997.0,5.337543999317354,0.7128226143838685
Goelzer,SMB,Zwally,z12,63784216879.60625,63784216879.60625,1997.0,1998.0,6.625834212778143,0.5558652504657045
Goelzer,SMB,Zwally,z12,63784216879.60625,63784216879.60625,1998.0,1999.0,-10.171857876303942,1.436782302639163
Goelzer,SMB,Zwally,z12,63784216879.60625,63784216879.60625,1999.0,2000.0,2.1443528417996087,0.8235012801784835
Goelzer,SMB,Zwally,z12,63784216879.60625,63784216879.60625,2000.0,2001.0,6.3554650056200135,0.652331582473987
Goelzer,SMB,Zwally,z12,63784216879.60625,63784216879.60625,2001.0,2002.0,1.5034613465129485,0.9772781997021585
Goelzer,SMB,Zwally,z12,63784216879.60625,63784216879.60625,2002.0,2003.0,-6.108263957595429,1.1523648905902284
Goelzer,SMB,Zwally,z12,63784216879.60625,63784216879.60625,2003.0,2004.0,-8.787778434904178,1.3365856194631613
Goelzer,SMB,Zwally,z12,63784216879.60625,63784216879.60625,2004.0,2005.0,-3.7158784646748066,0.9307657030656709
Goelzer,SMB,Zwally,z12,63784216879.60625,63784216879.60625,2005.0,2006.0,-6.461611939775457,1.5478672466079058
Goelzer,SMB,Zwally,z12,63784216879.60625,63784216879.60625,2006.0,2007.0,3.334487896278222,0.8522534485687218
Goelzer,SMB,Zwally,z12,63784216879.60625,63784216879.60625,2007.0,2008.0,3.5063017975034185,0.8342476966152639
Goelzer,SMB,Zwally,z12,63784216879.60625,63784216879.60625,2008.0,2009.0,-6.925890752346049,1.484879638140856
Goelzer,SMB,Zwally,z12,63784216879.60625,63784216879.60625,2009.0,2010.0,-7.189540546380436,1.3644251771282503
Goelzer,SMB,Zwally,z12,63784216879.60625,63784216879.60625,2010.0,2011.0,-0.4602600185664943,1.1061629296894724
Goelzer,SMB,Zwally,z12,63784216879.60625,63784216879.60625,2011.0,2012.0,-7.300929517829269,1.557375047358482
Goelzer,SMB,Zwally,z12,63784216879.60625,63784216879.60625,2012.0,2013.0,-18.871106865531043,2.250642563211033
Goelzer,SMB,Zwally,z12,63784216879.60625,63784216879.60625,2013.0,2014.0,2.8544845964301335,0.9882144983098725
Goelzer,SMB,Zwally,z12,63784216879.60625,63784216879.60625,2014.0,2015.0,-8.971788177418906,1.4764634935367484
Goelzer,SMB,Zwally,z12,63784216879.60625,63784216879.60625,2015.0,2016.0,-18.47142901452435,2.1413945017200646
Goelzer,SMB,Zwally,z12,63784216879.60625,63784216879.60625,2016.0,2017.0,-6.536997333718616,1.550030058939762
Goelzer,SMB,Zwally,z12,63784216879.60625,63784216879.60625,2017.0,2018.0,-1.4103396899426965,1.041490971149877
Goelzer,SMB,Zwally,z12,63784216879.60625,63784216879.60625,2018.0,2019.0,-0.13107137292610924,0.6971183309592018
Goelzer,SMB,Zwally,z12,63784216879.60625,63784216879.60625,2019.0,2020.0,-16.552846370042342,1.9643546996458356
Goelzer,SMB,Zwally,z12,63784216879.60625,63784216879.60625,2020.0,2021.0,-7.22220747327192,1.4456329926932168
Participant Surname,Experiment Group,Drainage Region Set,Drainage Region ID,Drainage Region Area (km2),Drainage Region Area Observed (km2),Start Date (decimal years),End Date (decimal years),Rate of Mass Change (Gt/yr),Rate of Mass Change Uncertainty (Gt/yr)
Goelzer,SMB,Zwally,z13,46171511950.49286,46171511950.49286,1991.0,1992.0,-2.2114468875902,0.654655354167515
Goelzer,SMB,Zwally,z13,46171511950.49286,46171511950.49286,1992.0,1993.0,2.0571598634054107,0.5322637119462131
Goelzer,SMB,Zwally,z13,46171511950.49286,46171511950.49286,1993.0,1994.0,-9.336211859619427,1.1279909678568254
Goelzer,SMB,Zwally,z13,46171511950.49286,46171511950.49286,1994.0,1995.0,-4.691572099223452,0.942640540159082
Goelzer,SMB,Zwally,z13,46171511950.49286,46171511950.49286,1995.0,1996.0,-2.561632209222159,0.7899638957233658
Goelzer,SMB,Zwally,z13,46171511950.49286,46171511950.49286,1996.0,1997.0,-1.9720945644452699,0.8137285484016429
Goelzer,SMB,Zwally,z13,46171511950.49286,46171511950.49286,1997.0,1998.0,1.651214099398157,0.5374661930378585
Goelzer,SMB,Zwally,z13,46171511950.49286,46171511950.49286,1998.0,1999.0,-14.395142667318439,1.4435242374041317
Goelzer,SMB,Zwally,z13,46171511950.49286,46171511950.49286,1999.0,2000.0,-3.4578109942716653,1.0853083434460076
Goelzer,SMB,Zwally,z13,46171511950.49286,46171511950.49286,2000.0,2001.0,-2.0139826049320018,0.792229088476049
Goelzer,SMB,Zwally,z13,46171511950.49286,46171511950.49286,2001.0,2002.0,-5.6366267336109095,0.9969316566707256
Goelzer,SMB,Zwally,z13,46171511950.49286,46171511950.49286,2002.0,2003.0,-14.668924665786628,1.451851921820321
Goelzer,SMB,Zwally,z13,46171511950.49286,46171511950.49286,2003.0,2004.0,-11.659498942895487,1.3059149304138313
Goelzer,SMB,Zwally,z13,46171511950.49286,46171511950.49286,2004.0,2005.0,-5.67534486222972,0.892596598069958
Goelzer,SMB,Zwally,z13,46171511950.49286,46171511950.49286,2005.0,2006.0,-10.631342723505686,1.5022292009817424
Goelzer,SMB,Zwally,z13,46171511950.49286,46171511950.49286,2006.0,2007.0,-0.9704262822619377,0.9131796245136095
Goelzer,SMB,Zwally,z13,46171511950.49286,46171511950.49286,2007.0,2008.0,-1.4310815880748167,0.8295242002552149
Goelzer,SMB,Zwally,z13,46171511950.49286,46171511950.49286,2008.0,2009.0,-9.761539163596469,1.4114134887866354
Goelzer,SMB,Zwally,z13,46171511950.49286,46171511950.49286,2009.0,2010.0,-10.91714467798397,1.4207254508026839
Goelzer,SMB,Zwally,z13,46171511950.49286,46171511950.49286,2010.0,2011.0,-7.986665381435196,1.1389998802074426
Goelzer,SMB,Zwally,z13,46171511950.49286,46171511950.49286,2011.0,2012.0,-8.715215219186858,1.4152170229636798
Goelzer,SMB,Zwally,z13,46171511950.49286,46171511950.49286,2012.0,2013.0,-16.36103165079059,1.834088221072484
Goelzer,SMB,Zwally,z13,46171511950.49286,46171511950.49286,2013.0,2014.0,-2.358709772592042,0.8588332512099254
Goelzer,SMB,Zwally,z13,46171511950.49286,46171511950.49286,2014.0,2015.0,-5.4467142030709566,1.0995394276291506
Goelzer,SMB,Zwally,z13,46171511950.49286,46171511950.49286,2015.0,2016.0,-15.845063888711508,1.9587850549789907
Goelzer,SMB,Zwally,z13,46171511950.49286,46171511950.49286,2016.0,2017.0,-12.167828090862365,1.4867714966455174
Goelzer,SMB,Zwally,z13,46171511950.49286,46171511950.49286,2017.0,2018.0,-8.580826551039253,1.1929124841088379
Goelzer,SMB,Zwally,z13,46171511950.49286,46171511950.49286,2018.0,2019.0,-0.9435601751521756,0.610110967020429
Goelzer,SMB,Zwally,z13,46171511950.49286,46171511950.49286,2019.0,2020.0,-14.680296206533221,1.641416212186781
Goelzer,SMB,Zwally,z13,46171511950.49286,46171511950.49286,2020.0,2021.0,-11.668808624426525,1.5678692451337477
Participant Surname,Experiment Group,Drainage Region Set,Drainage Region ID,Drainage Region Area (km2),Drainage Region Area Observed (km2),Start Date (decimal years),End Date (decimal years),Rate of Mass Change (Gt/yr),Rate of Mass Change Uncertainty (Gt/yr)
Goelzer,SMB,Zwally,z14,17524729321.12217,17524729321.12217,1991.0,1992.0,-2.293643257752909,0.4413856365287044
Goelzer,SMB,Zwally,z14,17524729321.12217,17524729321.12217,1992.0,1993.0,-0.7731334610160996,0.40580763158504773
Goelzer,SMB,Zwally,z14,17524729321.12217,17524729321.12217,1993.0,1994.0,-6.868180126257664,0.778271226099289
Goelzer,SMB,Zwally,z14,17524729321.12217,17524729321.12217,1994.0,1995.0,-4.968638110085325,0.6330660991339306
Goelzer,SMB,Zwally,z14,17524729321.12217,17524729321.12217,1995.0,1996.0,-3.1161027837902866,0.5519556778681556
Goelzer,SMB,Zwally,z14,17524729321.12217,17524729321.12217,1996.0,1997.0,-3.831051189497981,0.6158929659136502
Goelzer,SMB,Zwally,z14,17524729321.12217,17524729321.12217,1997.0,1998.0,-0.5802980932768168,0.41402571073597816
Goelzer,SMB,Zwally,z14,17524729321.12217,17524729321.12217,1998.0,1999.0,-7.4097588567643315,0.8704879527263361
Goelzer,SMB,Zwally,z14,17524729321.12217,17524729321.12217,1999.0,2000.0,-3.6319573452262652,0.7829305902458233
Goelzer,SMB,Zwally,z14,17524729321.12217,17524729321.12217,2000.0,2001.0,-3.4226953065938406,0.5610425311218395
Goelzer,SMB,Zwally,z14,17524729321.12217,17524729321.12217,2001.0,2002.0,-3.691459263765327,0.5610186301429454
Goelzer,SMB,Zwally,z14,17524729321.12217,17524729321.12217,2002.0,2003.0,-10.630694814915818,1.0172099781155373
Goelzer,SMB,Zwally,z14,17524729321.12217,17524729321.12217,2003.0,2004.0,-9.358171721729818,0.8588179302318386
Goelzer,SMB,Zwally,z14,17524729321.12217,17524729321.12217,2004.0,2005.0,-4.837095020972329,0.624908978173268
Goelzer,SMB,Zwally,z14,17524729321.12217,17524729321.12217,2005.0,2006.0,-8.101666971595835,0.9976309629215393
Goelzer,SMB,Zwally,z14,17524729321.12217,17524729321.12217,2006.0,2007.0,-1.774680302726012,0.6857086613274126
Goelzer,SMB,Zwally,z14,17524729321.12217,17524729321.12217,2007.0,2008.0,-4.367607482943723,0.6172800412852131
Goelzer,SMB,Zwally,z14,17524729321.12217,17524729321.12217,2008.0,2009.0,-9.63977796215503,1.0286975180341351
Goelzer,SMB,Zwally,z14,17524729321.12217,17524729321.12217,2009.0,2010.0,-8.514995629739913,0.9456793140845436
Goelzer,SMB,Zwally,z14,17524729321.12217,17524729321.12217,2010.0,2011.0,-9.291160852876716,0.8320054742549993
Goelzer,SMB,Zwally,z14,17524729321.12217,17524729321.12217,2011.0,2012.0,-5.846315039724146,0.8711500256908788
Goelzer,SMB,Zwally,z14,17524729321.12217,17524729321.12217,2012.0,2013.0,-10.126084427997483,1.070337210904844
Goelzer,SMB,Zwally,z14,17524729321.12217,17524729321.12217,2013.0,2014.0,-2.349282117772914,0.5723091805764415
Goelzer,SMB,Zwally,z14,17524729321.12217,17524729321.12217,2014.0,2015.0,-3.014011222266804,0.7134205144812513
Goelzer,SMB,Zwally,z14,17524729321.12217,17524729321.12217,2015.0,2016.0,-9.088201282994891,1.1832536519144294
Goelzer,SMB,Zwally,z14,17524729321.12217,17524729321.12217,2016.0,2017.0,-10.507236901835357,1.0167396562488242
Goelzer,SMB,Zwally,z14,17524729321.12217,17524729321.12217,2017.0,2018.0,-6.624412503027416,0.7650735975461215
Goelzer,SMB,Zwally,z14,17524729321.12217,17524729321.12217,2018.0,2019.0,1.3472114774176163,0.31016853092006164
Goelzer,SMB,Zwally,z14,17524729321.12217,17524729321.12217,2019.0,2020.0,-10.979780229116392,0.9970142786427847
Goelzer,SMB,Zwally,z14,17524729321.12217,17524729321.12217,2020.0,2021.0,-8.111866370656724,1.0100400202311082
Participant Surname,Experiment Group,Drainage Region Set,Drainage Region ID,Drainage Region Area (km2),Drainage Region Area Observed (km2),Start Date (decimal years),End Date (decimal years),Rate of Mass Change (Gt/yr),Rate of Mass Change Uncertainty (Gt/yr)
Goelzer,SMB,Zwally,z21,274244277735.3525,274244277735.3525,1991.0,1992.0,14.845667691366607,2.080158587550249
Goelzer,SMB,Zwally,z21,274244277735.3525,274244277735.3525,1992.0,1993.0,26.427528261780026,1.9535357105365712
Goelzer,SMB,Zwally,z21,274244277735.3525,274244277735.3525,1993.0,1994.0,0.7048593498463999,3.338653520109084
Goelzer,SMB,Zwally,z21,274244277735.3525,274244277735.3525,1994.0,1995.0,8.133171999253182,2.9246153451590495
Goelzer,SMB,Zwally,z21,274244277735.3525,274244277735.3525,1995.0,1996.0,13.205375060880966,2.483941519519943
Goelzer,SMB,Zwally,z21,274244277735.3525,274244277735.3525,1996.0,1997.0,-2.70329914386852,3.353888156458202
Goelzer,SMB,Zwally,z21,274244277735.3525,274244277735.3525,1997.0,1998.0,31.696190394323416,1.8661884253671825
Goelzer,SMB,Zwally,z21,274244277735.3525,274244277735.3525,1998.0,1999.0,-3.616750747755414,3.9174211732956032
Goelzer,SMB,Zwally,z21,274244277735.3525,274244277735.3525,1999.0,2000.0,22.252575520853554,3.4673874011235135
Goelzer,SMB,Zwally,z21,274244277735.3525,274244277735.3525,2000.0,2001.0,12.61590500052304,2.5636272202925277
Goelzer,SMB,Zwally,z21,274244277735.3525,274244277735.3525,2001.0,2002.0,16.870885528548982,2.514656649265959
Goelzer,SMB,Zwally,z21,274244277735.3525,274244277735.3525,2002.0,2003.0,-40.33988018481866,5.766582797327038
Goelzer,SMB,Zwally,z21,274244277735.3525,274244277735.3525,2003.0,2004.0,-18.540615524700957,3.7388035050939896
Goelzer,SMB,Zwally,z21,274244277735.3525,274244277735.3525,2004.0,2005.0,-6.752349077739615,3.1513908700902724
Goelzer,SMB,Zwally,z21,274244277735.3525,274244277735.3525,2005.0,2006.0,-9.579832686365613,4.981465484924609
Goelzer,SMB,Zwally,z21,274244277735.3525,274244277735.3525,2006.0,2007.0,19.42912046519577,3.033670950147321
Goelzer,SMB,Zwally,z21,274244277735.3525,274244277735.3525,2007.0,2008.0,2.529997359123063,2.9269121018586697
Goelzer,SMB,Zwally,z21,274244277735.3525,274244277735.3525,2008.0,2009.0,-3.672449172573059,4.645928673778426
Goelzer,SMB,Zwally,z21,274244277735.3525,274244277735.3525,2009.0,2010.0,-10.32049540560419,4.1000908137998415
Goelzer,SMB,Zwally,z21,274244277735.3525,274244277735.3525,2010.0,2011.0,-18.62464686337085,4.027855084168176
Goelzer,SMB,Zwally,z21,274244277735.3525,274244277735.3525,2011.0,2012.0,7.930649810556363,3.8961731502928467
Goelzer,SMB,Zwally,z21,274244277735.3525,274244277735.3525,2012.0,2013.0,-6.286788964869031,5.245810072602079
Goelzer,SMB,Zwally,z21,274244277735.3525,274244277735.3525,2013.0,2014.0,28.244374920951703,2.582710326935269
Goelzer,SMB,Zwally,z21,274244277735.3525,274244277735.3525,2014.0,2015.0,15.811904709861865,3.5444643579932893
Goelzer,SMB,Zwally,z21,274244277735.3525,274244277735.3525,2015.0,2016.0,-14.62037829847662,5.751971188112913
Goelzer,SMB,Zwally,z21,274244277735.3525,274244277735.3525,2016.0,2017.0,-15.155375344827059,4.984058082406552
Goelzer,SMB,Zwally,z21,274244277735.3525,274244277735.3525,2017.0,2018.0,-4.9941867772735575,3.560403348600173
Goelzer,SMB,Zwally,z21,274244277735.3525,274244277735.3525,2018.0,2019.0,39.51670885406237,1.660378759819877
Goelzer,SMB,Zwally,z21,274244277735.3525,274244277735.3525,2019.0,2020.0,-32.841373882540495,5.034504454439653
Goelzer,SMB,Zwally,z21,274244277735.3525,274244277735.3525,2020.0,2021.0,15.149244757525386,4.251062356773757
Participant Surname,Experiment Group,Drainage Region Set,Drainage Region ID,Drainage Region Area (km2),Drainage Region Area Observed (km2),Start Date (decimal years),End Date (decimal years),Rate of Mass Change (Gt/yr),Rate of Mass Change Uncertainty (Gt/yr)
Goelzer,SMB,Zwally,z22,51215696336.15017,51215696336.15017,1991.0,1992.0,-1.4460692359279417,0.8222755144589182
Goelzer,SMB,Zwally,z22,51215696336.15017,51215696336.15017,1992.0,1993.0,3.917619375170745,0.6911882336583814
Goelzer,SMB,Zwally,z22,51215696336.15017,51215696336.15017,1993.0,1994.0,-4.933100275889941,1.3076308114640318
Goelzer,SMB,Zwally,z22,51215696336.15017,51215696336.15017,1994.0,1995.0,-3.1490114376827165,1.0897748134571217
Goelzer,SMB,Zwally,z22,51215696336.15017,51215696336.15017,1995.0,1996.0,1.4587911041610373,0.8187527153269868
Goelzer,SMB,Zwally,z22,51215696336.15017,51215696336.15017,1996.0,1997.0,-10.048933455073003,1.3699922155478361
Goelzer,SMB,Zwally,z22,51215696336.15017,51215696336.15017,1997.0,1998.0,6.065155759217014,0.7107263113159265
Goelzer,SMB,Zwally,z22,51215696336.15017,51215696336.15017,1998.0,1999.0,-5.821731268861642,1.371443282043902
Goelzer,SMB,Zwally,z22,51215696336.15017,51215696336.15017,1999.0,2000.0,4.263994562035657,1.102629069259246
Goelzer,SMB,Zwally,z22,51215696336.15017,51215696336.15017,2000.0,2001.0,-1.7656552216053132,0.9266714802223467
Goelzer,SMB,Zwally,z22,51215696336.15017,51215696336.15017,2001.0,2002.0,1.413073603918452,0.9158847681278278
Goelzer,SMB,Zwally,z22,51215696336.15017,51215696336.15017,2002.0,2003.0,-22.372878349846285,2.2442200464117885
Goelzer,SMB,Zwally,z22,51215696336.15017,51215696336.15017,2003.0,2004.0,-13.868138705046754,1.4575393858401504
Goelzer,SMB,Zwally,z22,51215696336.15017,51215696336.15017,2004.0,2005.0,-10.852654755733676,1.514575479324219
Goelzer,SMB,Zwally,z22,51215696336.15017,51215696336.15017,2005.0,2006.0,-11.540013481305659,1.7838765165751154
Goelzer,SMB,Zwally,z22,51215696336.15017,51215696336.15017,2006.0,2007.0,1.9836651927520172,1.0674453466527636
Goelzer,SMB,Zwally,z22,51215696336.15017,51215696336.15017,2007.0,2008.0,-7.394160363786896,1.2637613948144135
Goelzer,SMB,Zwally,z22,51215696336.15017,51215696336.15017,2008.0,2009.0,-6.386201538857733,1.5386150521419162
Goelzer,SMB,Zwally,z22,51215696336.15017,51215696336.15017,2009.0,2010.0,-8.498647440368938,1.4723533764610959
Goelzer,SMB,Zwally,z22,51215696336.15017,51215696336.15017,2010.0,2011.0,-17.0274513441558,1.6113361889578632
Goelzer,SMB,Zwally,z22,51215696336.15017,51215696336.15017,2011.0,2012.0,-7.931594344020508,1.4707014060134813
Goelzer,SMB,Zwally,z22,51215696336.15017,51215696336.15017,2012.0,2013.0,-10.09387042377977,1.7852330193178003
Goelzer,SMB,Zwally,z22,51215696336.15017,51215696336.15017,2013.0,2014.0,1.9965612367077008,1.1137827750530112
Goelzer,SMB,Zwally,z22,51215696336.15017,51215696336.15017,2014.0,2015.0,-3.951374184975364,1.392109689266305
Goelzer,SMB,Zwally,z22,51215696336.15017,51215696336.15017,2015.0,2016.0,-10.688413909241186,1.9808286827793606
Goelzer,SMB,Zwally,z22,51215696336.15017,51215696336.15017,2016.0,2017.0,-14.684803905625651,1.8987936345930956
Goelzer,SMB,Zwally,z22,51215696336.15017,51215696336.15017,2017.0,2018.0,-10.132907979191431,1.4416947098295212
Goelzer,SMB,Zwally,z22,51215696336.15017,51215696336.15017,2018.0,2019.0,7.229770259855148,0.7676845933185745
Goelzer,SMB,Zwally,z22,51215696336.15017,51215696336.15017,2019.0,2020.0,-23.42034521014107,2.242510549127555
Goelzer,SMB,Zwally,z22,51215696336.15017,51215696336.15017,2020.0,2021.0,4.784791041651327,1.1890866909859985
Participant Surname,Experiment Group,Drainage Region Set,Drainage Region ID,Drainage Region Area (km2),Drainage Region Area Observed (km2),Start Date (decimal years),End Date (decimal years),Rate of Mass Change (Gt/yr),Rate of Mass Change Uncertainty (Gt/yr)
Goelzer,SMB,Zwally,z31,148034139081.83575,148034139081.83575,1991.0,1992.0,4.5097600156317466,2.4651520465182486
Goelzer,SMB,Zwally,z31,148034139081.83575,148034139081.83575,1992.0,1993.0,34.16528904537279,1.278822516182335
Goelzer,SMB,Zwally,z31,148034139081.83575,148034139081.83575,1993.0,1994.0,11.926624606009215,2.9288193717926245
Goelzer,SMB,Zwally,z31,148034139081.83575,148034139081.83575,1994.0,1995.0,4.185825644554067,2.7584697363371338
Goelzer,SMB,Zwally,z31,148034139081.83575,148034139081.83575,1995.0,1996.0,0.600816998525341,2.509958891424482
Goelzer,SMB,Zwally,z31,148034139081.83575,148034139081.83575,1996.0,1997.0,15.877943419636287,2.679030880050961
Goelzer,SMB,Zwally,z31,148034139081.83575,148034139081.83575,1997.0,1998.0,24.760774329491518,2.123796417557215
Goelzer,SMB,Zwally,z31,148034139081.83575,148034139081.83575,1998.0,1999.0,-0.7517063337186958,3.195038464818859
Goelzer,SMB,Zwally,z31,148034139081.83575,148034139081.83575,1999.0,2000.0,14.939119529389384,2.676455782583914
Goelzer,SMB,Zwally,z31,148034139081.83575,148034139081.83575,2000.0,2001.0,3.967673652811062,2.2641765320500293
Goelzer,SMB,Zwally,z31,148034139081.83575,148034139081.83575,2001.0,2002.0,19.559204442066804,1.8705557707955482
Goelzer,SMB,Zwally,z31,148034139081.83575,148034139081.83575,2002.0,2003.0,-6.904469627337034,4.2284424024161735
Goelzer,SMB,Zwally,z31,148034139081.83575,148034139081.83575,2003.0,2004.0,-12.545815341978622,3.1574621586850955
Goelzer,SMB,Zwally,z31,148034139081.83575,148034139081.83575,2004.0,2005.0,-11.563581430068282,3.757928288878991
Goelzer,SMB,Zwally,z31,148034139081.83575,148034139081.83575,2005.0,2006.0,-26.9254871526525,4.334327338031723
Goelzer,SMB,Zwally,z31,148034139081.83575,148034139081.83575,2006.0,2007.0,-2.7108973847124034,2.849247306057447
Goelzer,SMB,Zwally,z31,148034139081.83575,148034139081.83575,2007.0,2008.0,-13.289069148584609,3.309016270612816
Goelzer,SMB,Zwally,z31,148034139081.83575,148034139081.83575,2008.0,2009.0,27.888462807611596,2.641172101982434
Goelzer,SMB,Zwally,z31,148034139081.83575,148034139081.83575,2009.0,2010.0,-1.3357308433503035,3.0419181528357555
Goelzer,SMB,Zwally,z31,148034139081.83575,148034139081.83575,2010.0,2011.0,-8.089352960455967,3.0582464682613644
Goelzer,SMB,Zwally,z31,148034139081.83575,148034139081.83575,2011.0,2012.0,9.277762951355763,2.7185667593171985
Goelzer,SMB,Zwally,z31,148034139081.83575,148034139081.83575,2012.0,2013.0,-18.382902106513097,3.65371006658053
Goelzer,SMB,Zwally,z31,148034139081.83575,148034139081.83575,2013.0,2014.0,24.331313194753267,2.0908932124619737
Goelzer,SMB,Zwally,z31,148034139081.83575,148034139081.83575,2014.0,2015.0,24.315067926720282,2.3737813793643103
Goelzer,SMB,Zwally,z31,148034139081.83575,148034139081.83575,2015.0,2016.0,14.742392334277092,3.0373057522761484
Goelzer,SMB,Zwally,z31,148034139081.83575,148034139081.83575,2016.0,2017.0,-4.19120911761153,3.5775391202969113
Goelzer,SMB,Zwally,z31,148034139081.83575,148034139081.83575,2017.0,2018.0,22.72834852196842,2.1308792262019693
Goelzer,SMB,Zwally,z31,148034139081.83575,148034139081.83575,2018.0,2019.0,29.545140001586727,2.1515892405366843
Goelzer,SMB,Zwally,z31,148034139081.83575,148034139081.83575,2019.0,2020.0,-43.26743693421474,5.1432579008558985
Goelzer,SMB,Zwally,z31,148034139081.83575,148034139081.83575,2020.0,2021.0,23.022928963385425,2.661726178861063
Participant Surname,Experiment Group,Drainage Region Set,Drainage Region ID,Drainage Region Area (km2),Drainage Region Area Observed (km2),Start Date (decimal years),End Date (decimal years),Rate of Mass Change (Gt/yr),Rate of Mass Change Uncertainty (Gt/yr)
Goelzer,SMB,Zwally,z32,35606786538.124084,35606786538.124084,1991.0,1992.0,4.6039450101241375,2.801915230346578
Goelzer,SMB,Zwally,z32,35606786538.124084,35606786538.124084,1992.0,1993.0,31.624716343750706,1.1291893791272156
Goelzer,SMB,Zwally,z32,35606786538.124084,35606786538.124084,1993.0,1994.0,22.31050607858378,1.7844041874555279
Goelzer,SMB,Zwally,z32,35606786538.124084,35606786538.124084,1994.0,1995.0,0.23579986476351023,2.778150417050608
Goelzer,SMB,Zwally,z32,35606786538.124084,35606786538.124084,1995.0,1996.0,-2.4491744383006964,2.4180284458841292
Goelzer,SMB,Zwally,z32,35606786538.124084,35606786538.124084,1996.0,1997.0,19.378576658026805,1.9459384729905322
Goelzer,SMB,Zwally,z32,35606786538.124084,35606786538.124084,1997.0,1998.0,14.489001778238817,1.9632029407945935
Goelzer,SMB,Zwally,z32,35606786538.124084,35606786538.124084,1998.0,1999.0,0.2967527085131423,2.5234530314157086
Goelzer,SMB,Zwally,z32,35606786538.124084,35606786538.124084,1999.0,2000.0,-0.46920837791897907,2.66298890191467
Goelzer,SMB,Zwally,z32,35606786538.124084,35606786538.124084,2000.0,2001.0,1.7089871315957148,2.2452007869180823
Goelzer,SMB,Zwally,z32,35606786538.124084,35606786538.124084,2001.0,2002.0,17.289544578589403,1.410596206616387
Goelzer,SMB,Zwally,z32,35606786538.124084,35606786538.124084,2002.0,2003.0,10.768258388823579,2.7766410061895477
Goelzer,SMB,Zwally,z32,35606786538.124084,35606786538.124084,2003.0,2004.0,7.080183811149513,2.298110114471686
Goelzer,SMB,Zwally,z32,35606786538.124084,35606786538.124084,2004.0,2005.0,6.598542949601452,2.712909329505266
Goelzer,SMB,Zwally,z32,35606786538.124084,35606786538.124084,2005.0,2006.0,-19.697141321286217,3.7127820141185315
Goelzer,SMB,Zwally,z32,35606786538.124084,35606786538.124084,2006.0,2007.0,6.793313577553459,2.2650272960273354
Goelzer,SMB,Zwally,z32,35606786538.124084,35606786538.124084,2007.0,2008.0,3.7891623911899823,2.61569999019431
Goelzer,SMB,Zwally,z32,35606786538.124084,35606786538.124084,2008.0,2009.0,24.43949844330896,2.1067540842170565
Goelzer,SMB,Zwally,z32,35606786538.124084,35606786538.124084,2009.0,2010.0,-3.2031467115113275,2.9340833655023673
Goelzer,SMB,Zwally,z32,35606786538.124084,35606786538.124084,2010.0,2011.0,-21.685686485678445,3.5859411802709134
Goelzer,SMB,Zwally,z32,35606786538.124084,35606786538.124084,2011.0,2012.0,10.545580605469107,2.2827977774694905
Goelzer,SMB,Zwally,z32,35606786538.124084,35606786538.124084,2012.0,2013.0,-23.41143203344045,3.731056899301679
Goelzer,SMB,Zwally,z32,35606786538.124084,35606786538.124084,2013.0,2014.0,3.028201804131889,2.5511097116128925
Goelzer,SMB,Zwally,z32,35606786538.124084,35606786538.124084,2014.0,2015.0,19.911039397106194,2.0976261618435412
Goelzer,SMB,Zwally,z32,35606786538.124084,35606786538.124084,2015.0,2016.0,17.9851589290518,2.079424338073455
Goelzer,SMB,Zwally,z32,35606786538.124084,35606786538.124084,2016.0,2017.0,-7.830231730144164,3.552963127495902
Goelzer,SMB,Zwally,z32,35606786538.124084,35606786538.124084,2017.0,2018.0,13.700942796887741,2.1074855404734625
Goelzer,SMB,Zwally,z32,35606786538.124084,35606786538.124084,2018.0,2019.0,19.624772778979956,1.9595830239166452
Goelzer,SMB,Zwally,z32,35606786538.124084,35606786538.124084,2019.0,2020.0,-19.512011903893793,3.8962277095995463
Goelzer,SMB,Zwally,z32,35606786538.124084,35606786538.124084,2020.0,2021.0,14.733179510019902,1.9550753857797707
Participant Surname,Experiment Group,Drainage Region Set,Drainage Region ID,Drainage Region Area (km2),Drainage Region Area Observed (km2),Start Date (decimal years),End Date (decimal years),Rate of Mass Change (Gt/yr),Rate of Mass Change Uncertainty (Gt/yr)
Goelzer,SMB,Zwally,z33,73219943286.2401,73219943286.2401,1991.0,1992.0,48.65523401231044,1.2771084362368084
Goelzer,SMB,Zwally,z33,73219943286.2401,73219943286.2401,1992.0,1993.0,67.24806104445649,0.5533675263817531
Goelzer,SMB,Zwally,z33,73219943286.2401,73219943286.2401,1993.0,1994.0,61.86885789195702,0.9065296514519884
Goelzer,SMB,Zwally,z33,73219943286.2401,73219943286.2401,1994.0,1995.0,36.15064583865953,1.4751645133918898
Goelzer,SMB,Zwally,z33,73219943286.2401,73219943286.2401,1995.0,1996.0,28.811375512858476,1.4882354779783047
Goelzer,SMB,Zwally,z33,73219943286.2401,73219943286.2401,1996.0,1997.0,69.48156654073436,0.7266318690345315
Goelzer,SMB,Zwally,z33,73219943286.2401,73219943286.2401,1997.0,1998.0,59.184068407461446,0.7971823960774582
Goelzer,SMB,Zwally,z33,73219943286.2401,73219943286.2401,1998.0,1999.0,39.61030624369197,1.2592753824713265
Goelzer,SMB,Zwally,z33,73219943286.2401,73219943286.2401,1999.0,2000.0,37.36279331547417,1.4919889653351655
Goelzer,SMB,Zwally,z33,73219943286.2401,73219943286.2401,2000.0,2001.0,44.32796546288128,0.9378969067469692
Goelzer,SMB,Zwally,z33,73219943286.2401,73219943286.2401,2001.0,2002.0,43.10609788595637,0.8505897016181546
Goelzer,SMB,Zwally,z33,73219943286.2401,73219943286.2401,2002.0,2003.0,69.9579515108698,1.1251603417129206
Goelzer,SMB,Zwally,z33,73219943286.2401,73219943286.2401,2003.0,2004.0,54.50387623167606,0.9921146868897762
Goelzer,SMB,Zwally,z33,73219943286.2401,73219943286.2401,2004.0,2005.0,48.89525139651291,1.0564661604464964
Goelzer,SMB,Zwally,z33,73219943286.2401,73219943286.2401,2005.0,2006.0,26.774420748785012,2.0781842051647508
Goelzer,SMB,Zwally,z33,73219943286.2401,73219943286.2401,2006.0,2007.0,37.19175992445682,1.1662731985524326
Goelzer,SMB,Zwally,z33,73219943286.2401,73219943286.2401,2007.0,2008.0,44.00466869141774,1.1969761345815249
Goelzer,SMB,Zwally,z33,73219943286.2401,73219943286.2401,2008.0,2009.0,64.12317567908167,1.1248211000508748
Goelzer,SMB,Zwally,z33,73219943286.2401,73219943286.2401,2009.0,2010.0,34.81327764571249,1.6863750660009331
Goelzer,SMB,Zwally,z33,73219943286.2401,73219943286.2401,2010.0,2011.0,22.31384011701116,2.307567120793701
Goelzer,SMB,Zwally,z33,73219943286.2401,73219943286.2401,2011.0,2012.0,49.498996167759906,1.1563762968244642
Goelzer,SMB,Zwally,z33,73219943286.2401,73219943286.2401,2012.0,2013.0,13.656252809285846,2.687029815903894
Goelzer,SMB,Zwally,z33,73219943286.2401,73219943286.2401,2013.0,2014.0,42.20022295000848,1.440928147065652
Goelzer,SMB,Zwally,z33,73219943286.2401,73219943286.2401,2014.0,2015.0,58.500290135138044,1.2890764685408496
Goelzer,SMB,Zwally,z33,73219943286.2401,73219943286.2401,2015.0,2016.0,55.272331633031435,1.1398021090631096
Goelzer,SMB,Zwally,z33,73219943286.2401,73219943286.2401,2016.0,2017.0,38.961896557329,1.9349084067614717
Goelzer,SMB,Zwally,z33,73219943286.2401,73219943286.2401,2017.0,2018.0,54.19866858637601,1.140520275954405
Goelzer,SMB,Zwally,z33,73219943286.2401,73219943286.2401,2018.0,2019.0,60.3905234245634,0.9264150371017993
Goelzer,SMB,Zwally,z33,73219943286.2401,73219943286.2401,2019.0,2020.0,37.615201527579075,1.9618629886881636
Goelzer,SMB,Zwally,z33,73219943286.2401,73219943286.2401,2020.0,2021.0,51.45495198434671,1.043451854569142
Participant Surname,Experiment Group,Drainage Region Set,Drainage Region ID,Drainage Region Area (km2),Drainage Region Area Observed (km2),Start Date (decimal years),End Date (decimal years),Rate of Mass Change (Gt/yr),Rate of Mass Change Uncertainty (Gt/yr)
Goelzer,SMB,Zwally,z41,64662976135.84995,64662976135.84995,1991.0,1992.0,48.4387610937238,1.3272466724536411
Goelzer,SMB,Zwally,z41,64662976135.84995,64662976135.84995,1992.0,1993.0,50.13135244458187,0.8727742332372886
Goelzer,SMB,Zwally,z41,64662976135.84995,64662976135.84995,1993.0,1994.0,49.68166753402772,0.989659082474583
Goelzer,SMB,Zwally,z41,64662976135.84995,64662976135.84995,1994.0,1995.0,23.101793002772016,1.641150239837893
Goelzer,SMB,Zwally,z41,64662976135.84995,64662976135.84995,1995.0,1996.0,28.003541940810575,1.5841098388909052
Goelzer,SMB,Zwally,z41,64662976135.84995,64662976135.84995,1996.0,1997.0,61.08074616678548,0.884302654108747
Goelzer,SMB,Zwally,z41,64662976135.84995,64662976135.84995,1997.0,1998.0,44.24934364007377,1.1433961777542314
Goelzer,SMB,Zwally,z41,64662976135.84995,64662976135.84995,1998.0,1999.0,32.40492511686857,1.2797319530434046
Goelzer,SMB,Zwally,z41,64662976135.84995,64662976135.84995,1999.0,2000.0,39.5648947425711,1.4131609071373732
Goelzer,SMB,Zwally,z41,64662976135.84995,64662976135.84995,2000.0,2001.0,36.795348289486085,1.2109488563867665
Goelzer,SMB,Zwally,z41,64662976135.84995,64662976135.84995,2001.0,2002.0,48.937800363321166,0.8941714243084934
Goelzer,SMB,Zwally,z41,64662976135.84995,64662976135.84995,2002.0,2003.0,55.89069111372345,1.2106734298785893
Goelzer,SMB,Zwally,z41,64662976135.84995,64662976135.84995,2003.0,2004.0,47.465009241246705,1.2354294572661997
Goelzer,SMB,Zwally,z41,64662976135.84995,64662976135.84995,2004.0,2005.0,38.53963327180583,1.3366916547103351
Goelzer,SMB,Zwally,z41,64662976135.84995,64662976135.84995,2005.0,2006.0,32.136636202588654,2.0425011124536243
Goelzer,SMB,Zwally,z41,64662976135.84995,64662976135.84995,2006.0,2007.0,32.55745396045205,1.375875236136379
Goelzer,SMB,Zwally,z41,64662976135.84995,64662976135.84995,2007.0,2008.0,39.13914265056889,1.4133048472998724
Goelzer,SMB,Zwally,z41,64662976135.84995,64662976135.84995,2008.0,2009.0,41.79685222089264,1.2839341475927057
Goelzer,SMB,Zwally,z41,64662976135.84995,64662976135.84995,2009.0,2010.0,25.472040074512446,1.635747881453675
Goelzer,SMB,Zwally,z41,64662976135.84995,64662976135.84995,2010.0,2011.0,23.914217533256764,2.211880628836185
Goelzer,SMB,Zwally,z41,64662976135.84995,64662976135.84995,2011.0,2012.0,27.784640788708405,1.547627388512707
Goelzer,SMB,Zwally,z41,64662976135.84995,64662976135.84995,2012.0,2013.0,4.927712630436827,3.295598773960872
Goelzer,SMB,Zwally,z41,64662976135.84995,64662976135.84995,2013.0,2014.0,31.84717105568026,1.7370817141250112
Goelzer,SMB,Zwally,z41,64662976135.84995,64662976135.84995,2014.0,2015.0,39.10483303728574,1.5783843406740468
Goelzer,SMB,Zwally,z41,64662976135.84995,64662976135.84995,2015.0,2016.0,37.92206526624184,1.4547655784776545
Goelzer,SMB,Zwally,z41,64662976135.84995,64662976135.84995,2016.0,2017.0,22.633875424402856,2.179470668518068
Goelzer,SMB,Zwally,z41,64662976135.84995,64662976135.84995,2017.0,2018.0,41.252284567965624,1.2338532623097873
Goelzer,SMB,Zwally,z41,64662976135.84995,64662976135.84995,2018.0,2019.0,42.79026080901995,1.0005242430771697
Goelzer,SMB,Zwally,z41,64662976135.84995,64662976135.84995,2019.0,2020.0,29.534067425935362,1.7426971654166237
Goelzer,SMB,Zwally,z41,64662976135.84995,64662976135.84995,2020.0,2021.0,44.12195726913071,1.0101024155550282
Participant Surname,Experiment Group,Drainage Region Set,Drainage Region ID,Drainage Region Area (km2),Drainage Region Area Observed (km2),Start Date (decimal years),End Date (decimal years),Rate of Mass Change (Gt/yr),Rate of Mass Change Uncertainty (Gt/yr)
Goelzer,SMB,Zwally,z42,46798103743.55316,46798103743.55316,1991.0,1992.0,52.399224352649505,1.103685324242128
Goelzer,SMB,Zwally,z42,46798103743.55316,46798103743.55316,1992.0,1993.0,56.5203276047551,0.7951902017641467
Goelzer,SMB,Zwally,z42,46798103743.55316,46798103743.55316,1993.0,1994.0,57.18036470992236,0.6685721227816676
Goelzer,SMB,Zwally,z42,46798103743.55316,46798103743.55316,1994.0,1995.0,36.41425592241197,1.1517427040155628
Goelzer,SMB,Zwally,z42,46798103743.55316,46798103743.55316,1995.0,1996.0,41.39021410909105,1.1352119422452083
Goelzer,SMB,Zwally,z42,46798103743.55316,46798103743.55316,1996.0,1997.0,60.061236847862354,0.7196075197585018
Goelzer,SMB,Zwally,z42,46798103743.55316,46798103743.55316,1997.0,1998.0,53.27441404392689,0.7536805386865159
Goelzer,SMB,Zwally,z42,46798103743.55316,46798103743.55316,1998.0,1999.0,53.2486135297849,0.8506436440707911
Goelzer,SMB,Zwally,z42,46798103743.55316,46798103743.55316,1999.0,2000.0,45.578103524493756,1.0677624029342254
Goelzer,SMB,Zwally,z42,46798103743.55316,46798103743.55316,2000.0,2001.0,53.82053904738845,0.7796921751570509
Goelzer,SMB,Zwally,z42,46798103743.55316,46798103743.55316,2001.0,2002.0,52.777015047831725,0.6733406549448903
Goelzer,SMB,Zwally,z42,46798103743.55316,46798103743.55316,2002.0,2003.0,83.18892175451828,0.6840195798335817
Goelzer,SMB,Zwally,z42,46798103743.55316,46798103743.55316,2003.0,2004.0,68.9124170413614,0.8126818825847392
Goelzer,SMB,Zwally,z42,46798103743.55316,46798103743.55316,2004.0,2005.0,43.4932768479101,1.024627202996482
Goelzer,SMB,Zwally,z42,46798103743.55316,46798103743.55316,2005.0,2006.0,46.34293650944711,1.4458772370857322
Goelzer,SMB,Zwally,z42,46798103743.55316,46798103743.55316,2006.0,2007.0,34.431488153833975,1.3237338512281318
Goelzer,SMB,Zwally,z42,46798103743.55316,46798103743.55316,2007.0,2008.0,47.908222092482376,1.1002940012598748
Goelzer,SMB,Zwally,z42,46798103743.55316,46798103743.55316,2008.0,2009.0,52.942725702622155,0.8594146714925828
Goelzer,SMB,Zwally,z42,46798103743.55316,46798103743.55316,2009.0,2010.0,56.472555535166926,0.8487986162419628
Goelzer,SMB,Zwally,z42,46798103743.55316,46798103743.55316,2010.0,2011.0,34.939240435381116,1.8867570604076196
Goelzer,SMB,Zwally,z42,46798103743.55316,46798103743.55316,2011.0,2012.0,40.20839590313644,1.2055713287729184
Goelzer,SMB,Zwally,z42,46798103743.55316,46798103743.55316,2012.0,2013.0,15.795302291784557,3.2090861510203923
Goelzer,SMB,Zwally,z42,46798103743.55316,46798103743.55316,2013.0,2014.0,51.239886147124885,1.4593056746363557
Goelzer,SMB,Zwally,z42,46798103743.55316,46798103743.55316,2014.0,2015.0,67.16197982344609,0.9923090026665874
Goelzer,SMB,Zwally,z42,46798103743.55316,46798103743.55316,2015.0,2016.0,52.884579161401476,1.0443322606667615
Goelzer,SMB,Zwally,z42,46798103743.55316,46798103743.55316,2016.0,2017.0,55.192519320949295,1.5379012959696143
Goelzer,SMB,Zwally,z42,46798103743.55316,46798103743.55316,2017.0,2018.0,54.454742156494845,0.7575907295192447
Goelzer,SMB,Zwally,z42,46798103743.55316,46798103743.55316,2018.0,2019.0,57.97284468411998,0.8421300290377588
Goelzer,SMB,Zwally,z42,46798103743.55316,46798103743.55316,2019.0,2020.0,63.20695120550966,0.7855893258728277
Goelzer,SMB,Zwally,z42,46798103743.55316,46798103743.55316,2020.0,2021.0,53.16377351979571,0.7403523778502522
Participant Surname,Experiment Group,Drainage Region Set,Drainage Region ID,Drainage Region Area (km2),Drainage Region Area Observed (km2),Start Date (decimal years),End Date (decimal years),Rate of Mass Change (Gt/yr),Rate of Mass Change Uncertainty (Gt/yr)
Goelzer,SMB,Zwally,z43,33327533705.353737,33327533705.353737,1991.0,1992.0,34.93324557673889,1.150124812438624
Goelzer,SMB,Zwally,z43,33327533705.353737,33327533705.353737,1992.0,1993.0,34.089192556266724,1.0441854830175987
Goelzer,SMB,Zwally,z43,33327533705.353737,33327533705.353737,1993.0,1994.0,38.31197565789998,0.9149543107937068
Goelzer,SMB,Zwally,z43,33327533705.353737,33327533705.353737,1994.0,1995.0,30.502486686307677,1.26553951106304
Goelzer,SMB,Zwally,z43,33327533705.353737,33327533705.353737,1995.0,1996.0,26.62856780217894,1.3524199443535316
Goelzer,SMB,Zwally,z43,33327533705.353737,33327533705.353737,1996.0,1997.0,42.19092524640978,0.9779169087835817
Goelzer,SMB,Zwally,z43,33327533705.353737,33327533705.353737,1997.0,1998.0,33.143513553401895,1.0243331417009642
Goelzer,SMB,Zwally,z43,33327533705.353737,33327533705.353737,1998.0,1999.0,40.02908426910854,1.0536792574708225
Goelzer,SMB,Zwally,z43,33327533705.353737,33327533705.353737,1999.0,2000.0,28.612057162981262,1.230188750913364
Goelzer,SMB,Zwally,z43,33327533705.353737,33327533705.353737,2000.0,2001.0,27.399298146435626,1.3408875793738386
Goelzer,SMB,Zwally,z43,33327533705.353737,33327533705.353737,2001.0,2002.0,30.934225582125634,0.9738474966763853
Goelzer,SMB,Zwally,z43,33327533705.353737,33327533705.353737,2002.0,2003.0,60.87585046164306,0.81613139721213
Goelzer,SMB,Zwally,z43,33327533705.353737,33327533705.353737,2003.0,2004.0,59.50782280047647,0.8797675473215758
Goelzer,SMB,Zwally,z43,33327533705.353737,33327533705.353737,2004.0,2005.0,28.34469016519004,1.1415367569478103
Goelzer,SMB,Zwally,z43,33327533705.353737,33327533705.353737,2005.0,2006.0,33.16312983350145,1.4712256591056856
Goelzer,SMB,Zwally,z43,33327533705.353737,33327533705.353737,2006.0,2007.0,16.211358355783517,1.5677862012698476
Goelzer,SMB,Zwally,z43,33327533705.353737,33327533705.353737,2007.0,2008.0,36.01419383783653,1.1704206404910251
Goelzer,SMB,Zwally,z43,33327533705.353737,33327533705.353737,2008.0,2009.0,31.48172738944577,1.1321481963177962
Goelzer,SMB,Zwally,z43,33327533705.353737,33327533705.353737,2009.0,2010.0,49.03246118613774,0.9873265298953661
Goelzer,SMB,Zwally,z43,33327533705.353737,33327533705.353737,2010.0,2011.0,27.06536015619798,1.830811020267477
Goelzer,SMB,Zwally,z43,33327533705.353737,33327533705.353737,2011.0,2012.0,27.614431041716674,1.1184039524081233
Goelzer,SMB,Zwally,z43,33327533705.353737,33327533705.353737,2012.0,2013.0,23.81865186873058,2.1354023517749687
Goelzer,SMB,Zwally,z43,33327533705.353737,33327533705.353737,2013.0,2014.0,44.39524860051629,0.9695993095556011
Goelzer,SMB,Zwally,z43,33327533705.353737,33327533705.353737,2014.0,2015.0,46.40477275389183,1.1057229633006445
Goelzer,SMB,Zwally,z43,33327533705.353737,33327533705.353737,2015.0,2016.0,32.28256474047231,0.9140400611847551
Goelzer,SMB,Zwally,z43,33327533705.353737,33327533705.353737,2016.0,2017.0,46.55475727822872,1.1572610304689672
Goelzer,SMB,Zwally,z43,33327533705.353737,33327533705.353737,2017.0,2018.0,38.39123884506013,0.9702656260626162
Goelzer,SMB,Zwally,z43,33327533705.353737,33327533705.353737,2018.0,2019.0,42.97660635234843,0.9109445249056564
Goelzer,SMB,Zwally,z43,33327533705.353737,33327533705.353737,2019.0,2020.0,57.87420513828821,0.8578812995533329
Goelzer,SMB,Zwally,z43,33327533705.353737,33327533705.353737,2020.0,2021.0,31.99496019066421,1.1940920601635128
Participant Surname,Experiment Group,Drainage Region Set,Drainage Region ID,Drainage Region Area (km2),Drainage Region Area Observed (km2),Start Date (decimal years),End Date (decimal years),Rate of Mass Change (Gt/yr),Rate of Mass Change Uncertainty (Gt/yr)
Goelzer,SMB,Zwally,z50,49727645621.9554,49727645621.9554,1991.0,1992.0,33.98688465421993,2.7326879325734192
Goelzer,SMB,Zwally,z50,49727645621.9554,49727645621.9554,1992.0,1993.0,38.000482005875845,2.0149911649492176
Goelzer,SMB,Zwally,z50,49727645621.9554,49727645621.9554,1993.0,1994.0,51.546375228031856,1.680843053331467
Goelzer,SMB,Zwally,z50,49727645621.9554,49727645621.9554,1994.0,1995.0,25.391230825294578,2.770525459286723
Goelzer,SMB,Zwally,z50,49727645621.9554,49727645621.9554,1995.0,1996.0,31.028958312048307,2.7249713884140863
Goelzer,SMB,Zwally,z50,49727645621.9554,49727645621.9554,1996.0,1997.0,51.374523196052245,2.1057754222572664
Goelzer,SMB,Zwally,z50,49727645621.9554,49727645621.9554,1997.0,1998.0,37.89588815562665,2.4678054648874728
Goelzer,SMB,Zwally,z50,49727645621.9554,49727645621.9554,1998.0,1999.0,25.830869724544286,2.705711164240143
Goelzer,SMB,Zwally,z50,49727645621.9554,49727645621.9554,1999.0,2000.0,33.65971821375066,2.609036078195023
Goelzer,SMB,Zwally,z50,49727645621.9554,49727645621.9554,2000.0,2001.0,21.845084544310343,3.4038621784852148
Goelzer,SMB,Zwally,z50,49727645621.9554,49727645621.9554,2001.0,2002.0,45.49633695188719,2.0148827526356823
Goelzer,SMB,Zwally,z50,49727645621.9554,49727645621.9554,2002.0,2003.0,41.22313980902589,2.5369744563189234
Goelzer,SMB,Zwally,z50,49727645621.9554,49727645621.9554,2003.0,2004.0,46.54994620740714,2.7801455140724
Goelzer,SMB,Zwally,z50,49727645621.9554,49727645621.9554,2004.0,2005.0,36.231950899618155,2.6590929298619543
Goelzer,SMB,Zwally,z50,49727645621.9554,49727645621.9554,2005.0,2006.0,50.37556275762927,2.9198679665709997
Goelzer,SMB,Zwally,z50,49727645621.9554,49727645621.9554,2006.0,2007.0,10.451691239392847,3.61790034345157
Goelzer,SMB,Zwally,z50,49727645621.9554,49727645621.9554,2007.0,2008.0,37.53841248599982,2.9156308778059823
Goelzer,SMB,Zwally,z50,49727645621.9554,49727645621.9554,2008.0,2009.0,32.59127087226618,2.6495077485564056
Goelzer,SMB,Zwally,z50,49727645621.9554,49727645621.9554,2009.0,2010.0,20.225011954027035,3.0725873860558823
Goelzer,SMB,Zwally,z50,49727645621.9554,49727645621.9554,2010.0,2011.0,12.426606870301086,4.281322395977356
Goelzer,SMB,Zwally,z50,49727645621.9554,49727645621.9554,2011.0,2012.0,17.04035554338865,2.811597194348739
Goelzer,SMB,Zwally,z50,49727645621.9554,49727645621.9554,2012.0,2013.0,28.64321514192069,3.947717358896519
Goelzer,SMB,Zwally,z50,49727645621.9554,49727645621.9554,2013.0,2014.0,38.643335821032935,2.104307243789627
Goelzer,SMB,Zwally,z50,49727645621.9554,49727645621.9554,2014.0,2015.0,34.71855908233106,2.586847087004847
Goelzer,SMB,Zwally,z50,49727645621.9554,49727645621.9554,2015.0,2016.0,32.838590407936685,1.8348482874814123
Goelzer,SMB,Zwally,z50,49727645621.9554,49727645621.9554,2016.0,2017.0,17.522092618334682,3.2061844959462724
Goelzer,SMB,Zwally,z50,49727645621.9554,49727645621.9554,2017.0,2018.0,35.47826974248106,2.48191562420684
Goelzer,SMB,Zwally,z50,49727645621.9554,49727645621.9554,2018.0,2019.0,36.85296841216166,2.2571841569515665
Goelzer,SMB,Zwally,z50,49727645621.9554,49727645621.9554,2019.0,2020.0,34.67049945622309,2.8325844488953495
Goelzer,SMB,Zwally,z50,49727645621.9554,49727645621.9554,2020.0,2021.0,42.62023964355553,2.6454558526890106
Participant Surname,Experiment Group,Drainage Region Set,Drainage Region ID,Drainage Region Area (km2),Drainage Region Area Observed (km2),Start Date (decimal years),End Date (decimal years),Rate of Mass Change (Gt/yr),Rate of Mass Change Uncertainty (Gt/yr)
Goelzer,SMB,Zwally,z61,49902384707.45087,49902384707.45087,1991.0,1992.0,15.03919373576371,1.924210347072885
Goelzer,SMB,Zwally,z61,49902384707.45087,49902384707.45087,1992.0,1993.0,23.98861968447088,1.0217824993073261
Goelzer,SMB,Zwally,z61,49902384707.45087,49902384707.45087,1993.0,1994.0,27.228646408151842,1.020278995790862
Goelzer,SMB,Zwally,z61,49902384707.45087,49902384707.45087,1994.0,1995.0,14.550265471605757,1.739537764974275
Goelzer,SMB,Zwally,z61,49902384707.45087,49902384707.45087,1995.0,1996.0,9.21148057698686,2.1040603221256937
Goelzer,SMB,Zwally,z61,49902384707.45087,49902384707.45087,1996.0,1997.0,34.06833797357911,0.9823178435026305
Goelzer,SMB,Zwally,z61,49902384707.45087,49902384707.45087,1997.0,1998.0,19.336101000314432,1.6192487405929796
Goelzer,SMB,Zwally,z61,49902384707.45087,49902384707.45087,1998.0,1999.0,9.511928136015776,1.8022279630357096
Goelzer,SMB,Zwally,z61,49902384707.45087,49902384707.45087,1999.0,2000.0,16.85386219771146,1.8382013951911944
Goelzer,SMB,Zwally,z61,49902384707.45087,49902384707.45087,2000.0,2001.0,15.259595670942963,1.927511083704351
Goelzer,SMB,Zwally,z61,49902384707.45087,49902384707.45087,2001.0,2002.0,28.262016581442534,1.180977228228024
Goelzer,SMB,Zwally,z61,49902384707.45087,49902384707.45087,2002.0,2003.0,12.788552735635756,1.8520882034248742
Goelzer,SMB,Zwally,z61,49902384707.45087,49902384707.45087,2003.0,2004.0,16.82046336455312,1.7883224523797652
Goelzer,SMB,Zwally,z61,49902384707.45087,49902384707.45087,2004.0,2005.0,26.36199128993741,1.2935303335956754
Goelzer,SMB,Zwally,z61,49902384707.45087,49902384707.45087,2005.0,2006.0,23.994272746540666,1.807505452557093
Goelzer,SMB,Zwally,z61,49902384707.45087,49902384707.45087,2006.0,2007.0,-0.32333595652257446,2.444988382648825
Goelzer,SMB,Zwally,z61,49902384707.45087,49902384707.45087,2007.0,2008.0,10.815932020851202,2.38001688601937
Goelzer,SMB,Zwally,z61,49902384707.45087,49902384707.45087,2008.0,2009.0,17.656914905723724,1.6219754392795716
Goelzer,SMB,Zwally,z61,49902384707.45087,49902384707.45087,2009.0,2010.0,-0.7036210209432077,2.158707404487865
Goelzer,SMB,Zwally,z61,49902384707.45087,49902384707.45087,2010.0,2011.0,-8.828261203359483,3.120796650490412
Goelzer,SMB,Zwally,z61,49902384707.45087,49902384707.45087,2011.0,2012.0,5.887128081476474,2.0760744888257467
Goelzer,SMB,Zwally,z61,49902384707.45087,49902384707.45087,2012.0,2013.0,6.862442099392963,3.0654763205968303
Goelzer,SMB,Zwally,z61,49902384707.45087,49902384707.45087,2013.0,2014.0,17.985894200845205,1.4296780527005244
Goelzer,SMB,Zwally,z61,49902384707.45087,49902384707.45087,2014.0,2015.0,14.05294172730346,1.7264266521504257
Goelzer,SMB,Zwally,z61,49902384707.45087,49902384707.45087,2015.0,2016.0,19.028470243835212,1.0488788297779603
Goelzer,SMB,Zwally,z61,49902384707.45087,49902384707.45087,2016.0,2017.0,-1.7397304312543127,2.2658348726623623
Goelzer,SMB,Zwally,z61,49902384707.45087,49902384707.45087,2017.0,2018.0,25.791494203290515,1.1134063099089382
Goelzer,SMB,Zwally,z61,49902384707.45087,49902384707.45087,2018.0,2019.0,16.568458137711783,1.46511787410858
Goelzer,SMB,Zwally,z61,49902384707.45087,49902384707.45087,2019.0,2020.0,-6.00559378621653,2.4918012305232033
Goelzer,SMB,Zwally,z61,49902384707.45087,49902384707.45087,2020.0,2021.0,20.365783637991104,1.6105538058017739
Participant Surname,Experiment Group,Drainage Region Set,Drainage Region ID,Drainage Region Area (km2),Drainage Region Area Observed (km2),Start Date (decimal years),End Date (decimal years),Rate of Mass Change (Gt/yr),Rate of Mass Change Uncertainty (Gt/yr)
Goelzer,SMB,Zwally,z62,136923791507.00569,136923791507.00569,1991.0,1992.0,30.001242589100382,4.749591479863457
Goelzer,SMB,Zwally,z62,136923791507.00569,136923791507.00569,1992.0,1993.0,38.06215408205053,2.822845753944649
Goelzer,SMB,Zwally,z62,136923791507.00569,136923791507.00569,1993.0,1994.0,35.57154380860681,3.1847795970463473
Goelzer,SMB,Zwally,z62,136923791507.00569,136923791507.00569,1994.0,1995.0,5.009808050833153,5.273079208107704
Goelzer,SMB,Zwally,z62,136923791507.00569,136923791507.00569,1995.0,1996.0,0.9067686928647767,5.426630323698508
Goelzer,SMB,Zwally,z62,136923791507.00569,136923791507.00569,1996.0,1997.0,63.627186774083704,2.824688602333001
Goelzer,SMB,Zwally,z62,136923791507.00569,136923791507.00569,1997.0,1998.0,37.77577049826728,3.862907625728883
Goelzer,SMB,Zwally,z62,136923791507.00569,136923791507.00569,1998.0,1999.0,11.777398880337325,4.722525846560404
Goelzer,SMB,Zwally,z62,136923791507.00569,136923791507.00569,1999.0,2000.0,25.789871852390128,5.002718490407561
Goelzer,SMB,Zwally,z62,136923791507.00569,136923791507.00569,2000.0,2001.0,39.53328826103185,3.870676165728819
Goelzer,SMB,Zwally,z62,136923791507.00569,136923791507.00569,2001.0,2002.0,42.081259139371944,3.6503700366732477
Goelzer,SMB,Zwally,z62,136923791507.00569,136923791507.00569,2002.0,2003.0,7.250290362731941,4.8963085066905965
Goelzer,SMB,Zwally,z62,136923791507.00569,136923791507.00569,2003.0,2004.0,37.38473000673597,4.0090833479360315
Goelzer,SMB,Zwally,z62,136923791507.00569,136923791507.00569,2004.0,2005.0,35.96292528465994,3.9098275574605204
Goelzer,SMB,Zwally,z62,136923791507.00569,136923791507.00569,2005.0,2006.0,40.985430779563465,4.681196058276621
Goelzer,SMB,Zwally,z62,136923791507.00569,136923791507.00569,2006.0,2007.0,10.909123151105582,5.077913527007121
Goelzer,SMB,Zwally,z62,136923791507.00569,136923791507.00569,2007.0,2008.0,6.579448627002215,6.5980927418265125
Goelzer,SMB,Zwally,z62,136923791507.00569,136923791507.00569,2008.0,2009.0,39.06358339916609,3.860820602155021
Goelzer,SMB,Zwally,z62,136923791507.00569,136923791507.00569,2009.0,2010.0,-16.69688366493439,5.488554310376231
Goelzer,SMB,Zwally,z62,136923791507.00569,136923791507.00569,2010.0,2011.0,-34.22776518429739,8.541212531819351
Goelzer,SMB,Zwally,z62,136923791507.00569,136923791507.00569,2011.0,2012.0,-30.18267992628025,6.9908900033547745
Goelzer,SMB,Zwally,z62,136923791507.00569,136923791507.00569,2012.0,2013.0,-12.948350422289309,8.9070425751301
Goelzer,SMB,Zwally,z62,136923791507.00569,136923791507.00569,2013.0,2014.0,24.691269634450563,4.417093326020586
Goelzer,SMB,Zwally,z62,136923791507.00569,136923791507.00569,2014.0,2015.0,3.8900158536768497,5.378331124643738
Goelzer,SMB,Zwally,z62,136923791507.00569,136923791507.00569,2015.0,2016.0,16.011690671804693,4.493847045945089
Goelzer,SMB,Zwally,z62,136923791507.00569,136923791507.00569,2016.0,2017.0,-37.050074110780315,7.246160212493303
Goelzer,SMB,Zwally,z62,136923791507.00569,136923791507.00569,2017.0,2018.0,39.912706137153954,3.2061197836777473
Goelzer,SMB,Zwally,z62,136923791507.00569,136923791507.00569,2018.0,2019.0,13.281337025282054,4.9315837934217654
Goelzer,SMB,Zwally,z62,136923791507.00569,136923791507.00569,2019.0,2020.0,-63.40167442631001,8.299988646811494
Goelzer,SMB,Zwally,z62,136923791507.00569,136923791507.00569,2020.0,2021.0,25.92585773226773,4.927819190613239
Participant Surname,Experiment Group,Drainage Region Set,Drainage Region ID,Drainage Region Area (km2),Drainage Region Area Observed (km2),Start Date (decimal years),End Date (decimal years),Rate of Mass Change (Gt/yr),Rate of Mass Change Uncertainty (Gt/yr)
Goelzer,SMB,Zwally,z71,95192126254.20093,95192126254.20093,1991.0,1992.0,39.34866891132468,0.8214486205517054
Goelzer,SMB,Zwally,z71,95192126254.20093,95192126254.20093,1992.0,1993.0,33.29920177490409,0.47831327885776376
Goelzer,SMB,Zwally,z71,95192126254.20093,95192126254.20093,1993.0,1994.0,33.955078462371475,0.629646868342127
Goelzer,SMB,Zwally,z71,95192126254.20093,95192126254.20093,1994.0,1995.0,24.30415211753426,1.0057590084725778
Goelzer,SMB,Zwally,z71,95192126254.20093,95192126254.20093,1995.0,1996.0,25.409930279792764,1.087825171671938
Goelzer,SMB,Zwally,z71,95192126254.20093,95192126254.20093,1996.0,1997.0,51.174149994287404,0.5595623030918596
Goelzer,SMB,Zwally,z71,95192126254.20093,95192126254.20093,1997.0,1998.0,40.96317257375196,0.5875458656416243
Goelzer,SMB,Zwally,z71,95192126254.20093,95192126254.20093,1998.0,1999.0,26.79227154807951,0.8895190050885792
Goelzer,SMB,Zwally,z71,95192126254.20093,95192126254.20093,1999.0,2000.0,40.092097062122406,0.9829809059981076
Goelzer,SMB,Zwally,z71,95192126254.20093,95192126254.20093,2000.0,2001.0,42.782598438887995,0.6044035060451975
Goelzer,SMB,Zwally,z71,95192126254.20093,95192126254.20093,2001.0,2002.0,37.795733576614346,0.7268388775026249
Goelzer,SMB,Zwally,z71,95192126254.20093,95192126254.20093,2002.0,2003.0,24.224808282385027,1.0783041129817075
Goelzer,SMB,Zwally,z71,95192126254.20093,95192126254.20093,2003.0,2004.0,38.00770544516579,0.7679919804109234
Goelzer,SMB,Zwally,z71,95192126254.20093,95192126254.20093,2004.0,2005.0,33.44324570441787,0.9154541119267948
Goelzer,SMB,Zwally,z71,95192126254.20093,95192126254.20093,2005.0,2006.0,38.122825361839595,1.1289630859610138
Goelzer,SMB,Zwally,z71,95192126254.20093,95192126254.20093,2006.0,2007.0,27.31895304340377,0.8975020109175378
Goelzer,SMB,Zwally,z71,95192126254.20093,95192126254.20093,2007.0,2008.0,26.73001480507528,1.5140593442940764
Goelzer,SMB,Zwally,z71,95192126254.20093,95192126254.20093,2008.0,2009.0,37.26588802513887,0.8559844868235158
Goelzer,SMB,Zwally,z71,95192126254.20093,95192126254.20093,2009.0,2010.0,15.792963048550913,1.1353413765591727
Goelzer,SMB,Zwally,z71,95192126254.20093,95192126254.20093,2010.0,2011.0,31.052067829151753,1.5850005962021985
Goelzer,SMB,Zwally,z71,95192126254.20093,95192126254.20093,2011.0,2012.0,12.75329045414359,1.6669388403342575
Goelzer,SMB,Zwally,z71,95192126254.20093,95192126254.20093,2012.0,2013.0,31.133841862759542,1.8083144123365382
Goelzer,SMB,Zwally,z71,95192126254.20093,95192126254.20093,2013.0,2014.0,33.392122235037235,0.8629897375245645
Goelzer,SMB,Zwally,z71,95192126254.20093,95192126254.20093,2014.0,2015.0,27.23078442958964,1.0279256361529958
Goelzer,SMB,Zwally,z71,95192126254.20093,95192126254.20093,2015.0,2016.0,24.329965454065555,0.9915993217692727
Goelzer,SMB,Zwally,z71,95192126254.20093,95192126254.20093,2016.0,2017.0,12.225458011194714,1.6109921262275715
Goelzer,SMB,Zwally,z71,95192126254.20093,95192126254.20093,2017.0,2018.0,38.23506237983328,0.6193279301976582
Goelzer,SMB,Zwally,z71,95192126254.20093,95192126254.20093,2018.0,2019.0,23.019248033463914,1.0766497657262684
Goelzer,SMB,Zwally,z71,95192126254.20093,95192126254.20093,2019.0,2020.0,2.419873349060641,1.8433448382005675
Goelzer,SMB,Zwally,z71,95192126254.20093,95192126254.20093,2020.0,2021.0,33.898541471731974,0.956677830628955
Participant Surname,Experiment Group,Drainage Region Set,Drainage Region ID,Drainage Region Area (km2),Drainage Region Area Observed (km2),Start Date (decimal years),End Date (decimal years),Rate of Mass Change (Gt/yr),Rate of Mass Change Uncertainty (Gt/yr)
Goelzer,SMB,Zwally,z72,130049628327.07167,130049628327.07167,1991.0,1992.0,48.14537898009012,1.560382972000778
Goelzer,SMB,Zwally,z72,130049628327.07167,130049628327.07167,1992.0,1993.0,32.38959666251392,1.1730825972641017
Goelzer,SMB,Zwally,z72,130049628327.07167,130049628327.07167,1993.0,1994.0,31.251280261784927,1.595237859766612
Goelzer,SMB,Zwally,z72,130049628327.07167,130049628327.07167,1994.0,1995.0,32.18300745023867,1.829781197822396
Goelzer,SMB,Zwally,z72,130049628327.07167,130049628327.07167,1995.0,1996.0,33.05934202193869,2.19526275019039
Goelzer,SMB,Zwally,z72,130049628327.07167,130049628327.07167,1996.0,1997.0,63.79660820436228,1.180390851242968
Goelzer,SMB,Zwally,z72,130049628327.07167,130049628327.07167,1997.0,1998.0,58.20653975713272,1.0722034103475506
Goelzer,SMB,Zwally,z72,130049628327.07167,130049628327.07167,1998.0,1999.0,25.38728285494699,2.0987516958691703
Goelzer,SMB,Zwally,z72,130049628327.07167,130049628327.07167,1999.0,2000.0,41.82223959046096,2.172258589836763
Goelzer,SMB,Zwally,z72,130049628327.07167,130049628327.07167,2000.0,2001.0,50.03338566985622,1.2969557385754662
Goelzer,SMB,Zwally,z72,130049628327.07167,130049628327.07167,2001.0,2002.0,47.254479241323466,1.6104944892072
Goelzer,SMB,Zwally,z72,130049628327.07167,130049628327.07167,2002.0,2003.0,14.894540585919422,2.245738752771769
Goelzer,SMB,Zwally,z72,130049628327.07167,130049628327.07167,2003.0,2004.0,45.69070297020362,1.7373745164557421
Goelzer,SMB,Zwally,z72,130049628327.07167,130049628327.07167,2004.0,2005.0,44.24715931527978,1.819068937273039
Goelzer,SMB,Zwally,z72,130049628327.07167,130049628327.07167,2005.0,2006.0,40.792500003817096,2.513994689893558
Goelzer,SMB,Zwally,z72,130049628327.07167,130049628327.07167,2006.0,2007.0,23.118808092422487,2.020161560878372
Goelzer,SMB,Zwally,z72,130049628327.07167,130049628327.07167,2007.0,2008.0,23.09611164961462,3.0822446062191715
Goelzer,SMB,Zwally,z72,130049628327.07167,130049628327.07167,2008.0,2009.0,42.11362046007705,1.8748502222589072
Goelzer,SMB,Zwally,z72,130049628327.07167,130049628327.07167,2009.0,2010.0,10.175478642488708,2.5155024854677954
Goelzer,SMB,Zwally,z72,130049628327.07167,130049628327.07167,2010.0,2011.0,37.07622599188088,2.7273933284105403
Goelzer,SMB,Zwally,z72,130049628327.07167,130049628327.07167,2011.0,2012.0,7.796570877619073,3.21302260129407
Goelzer,SMB,Zwally,z72,130049628327.07167,130049628327.07167,2012.0,2013.0,33.286484307539695,3.3224867603357406
Goelzer,SMB,Zwally,z72,130049628327.07167,130049628327.07167,2013.0,2014.0,34.6044568785257,1.8586604039930879
Goelzer,SMB,Zwally,z72,130049628327.07167,130049628327.07167,2014.0,2015.0,33.06928651048333,2.0442802296225095
Goelzer,SMB,Zwally,z72,130049628327.07167,130049628327.07167,2015.0,2016.0,20.305086053429765,2.357262749955557
Goelzer,SMB,Zwally,z72,130049628327.07167,130049628327.07167,2016.0,2017.0,10.479284051036615,3.106151312340463
Goelzer,SMB,Zwally,z72,130049628327.07167,130049628327.07167,2017.0,2018.0,48.307255641469226,1.3818813054882175
Goelzer,SMB,Zwally,z72,130049628327.07167,130049628327.07167,2018.0,2019.0,32.07824410239789,1.6925387638214424
Goelzer,SMB,Zwally,z72,130049628327.07167,130049628327.07167,2019.0,2020.0,-8.603819603340131,3.491543701440423
Goelzer,SMB,Zwally,z72,130049628327.07167,130049628327.07167,2020.0,2021.0,35.12051953033267,2.0262049017804813
Participant Surname,Experiment Group,Drainage Region Set,Drainage Region ID,Drainage Region Area (km2),Drainage Region Area Observed (km2),Start Date (decimal years),End Date (decimal years),Rate of Mass Change (Gt/yr),Rate of Mass Change Uncertainty (Gt/yr)
Goelzer,SMB,Zwally,z81,241550605704.9036,241550605704.9036,1991.0,1992.0,53.955534460052476,3.1871140426932594
Goelzer,SMB,Zwally,z81,241550605704.9036,241550605704.9036,1992.0,1993.0,60.069243379792184,2.188789754770011
Goelzer,SMB,Zwally,z81,241550605704.9036,241550605704.9036,1993.0,1994.0,31.67537738820753,3.907678960748224
Goelzer,SMB,Zwally,z81,241550605704.9036,241550605704.9036,1994.0,1995.0,56.615587163655206,3.43766051896182
Goelzer,SMB,Zwally,z81,241550605704.9036,241550605704.9036,1995.0,1996.0,66.30531899739155,3.579385652466457
Goelzer,SMB,Zwally,z81,241550605704.9036,241550605704.9036,1996.0,1997.0,91.17566798994223,2.2651693250126157
Goelzer,SMB,Zwally,z81,241550605704.9036,241550605704.9036,1997.0,1998.0,88.8661407836157,1.7212260653836235
Goelzer,SMB,Zwally,z81,241550605704.9036,241550605704.9036,1998.0,1999.0,46.54392194002601,4.3933202825469575
Goelzer,SMB,Zwally,z81,241550605704.9036,241550605704.9036,1999.0,2000.0,49.0016244834011,3.938114839226409
Goelzer,SMB,Zwally,z81,241550605704.9036,241550605704.9036,2000.0,2001.0,81.24742277096348,2.340079560682664
Goelzer,SMB,Zwally,z81,241550605704.9036,241550605704.9036,2001.0,2002.0,57.788740635057955,3.944209319856871
Goelzer,SMB,Zwally,z81,241550605704.9036,241550605704.9036,2002.0,2003.0,13.26748380609263,4.329492858521324
Goelzer,SMB,Zwally,z81,241550605704.9036,241550605704.9036,2003.0,2004.0,69.82176208036819,3.7295917942948966
Goelzer,SMB,Zwally,z81,241550605704.9036,241550605704.9036,2004.0,2005.0,72.4171705632224,2.870130545317865
Goelzer,SMB,Zwally,z81,241550605704.9036,241550605704.9036,2005.0,2006.0,51.655390593158415,5.374943878691566
Goelzer,SMB,Zwally,z81,241550605704.9036,241550605704.9036,2006.0,2007.0,16.243851547726084,4.5301810478463445
Goelzer,SMB,Zwally,z81,241550605704.9036,241550605704.9036,2007.0,2008.0,20.30867193024377,6.292846169115706
Goelzer,SMB,Zwally,z81,241550605704.9036,241550605704.9036,2008.0,2009.0,29.377916320520402,4.7061416502109745
Goelzer,SMB,Zwally,z81,241550605704.9036,241550605704.9036,2009.0,2010.0,-7.057929752302272,5.66781597650709
Goelzer,SMB,Zwally,z81,241550605704.9036,241550605704.9036,2010.0,2011.0,80.79689821430915,4.203878190740009
Goelzer,SMB,Zwally,z81,241550605704.9036,241550605704.9036,2011.0,2012.0,6.823565240758833,7.225728318307126
Goelzer,SMB,Zwally,z81,241550605704.9036,241550605704.9036,2012.0,2013.0,39.749180108982614,7.067009337348069
Goelzer,SMB,Zwally,z81,241550605704.9036,241550605704.9036,2013.0,2014.0,55.05854996582112,3.5493536308577873
Goelzer,SMB,Zwally,z81,241550605704.9036,241550605704.9036,2014.0,2015.0,45.02945831502829,4.736385748344779
Goelzer,SMB,Zwally,z81,241550605704.9036,241550605704.9036,2015.0,2016.0,9.37847690267782,5.891223171614378
Goelzer,SMB,Zwally,z81,241550605704.9036,241550605704.9036,2016.0,2017.0,17.999105278593884,6.179377279030391
Goelzer,SMB,Zwally,z81,241550605704.9036,241550605704.9036,2017.0,2018.0,71.78124747048018,2.940961664042443
Goelzer,SMB,Zwally,z81,241550605704.9036,241550605704.9036,2018.0,2019.0,73.30015756524038,2.110215337365593
Goelzer,SMB,Zwally,z81,241550605704.9036,241550605704.9036,2019.0,2020.0,4.4200005271183205,7.047100676292063
Goelzer,SMB,Zwally,z81,241550605704.9036,241550605704.9036,2020.0,2021.0,30.988576210047864,4.474445187755583
Participant Surname,Experiment Group,Drainage Region Set,Drainage Region ID,Drainage Region Area (km2),Drainage Region Area Observed (km2),Start Date (decimal years),End Date (decimal years),Rate of Mass Change (Gt/yr),Rate of Mass Change Uncertainty (Gt/yr)
Goelzer,SMB,Zwally,z82,33518167854.66671,33518167854.66671,1991.0,1992.0,5.134396204075506,0.9520929459705552
Goelzer,SMB,Zwally,z82,33518167854.66671,33518167854.66671,1992.0,1993.0,3.05470625321355,0.9352161916779167
Goelzer,SMB,Zwally,z82,33518167854.66671,33518167854.66671,1993.0,1994.0,-8.82012816573082,1.743510239617631
Goelzer,SMB,Zwally,z82,33518167854.66671,33518167854.66671,1994.0,1995.0,-4.303612969730439,1.6273672230615204
Goelzer,SMB,Zwally,z82,33518167854.66671,33518167854.66671,1995.0,1996.0,-3.020780978972655,1.6072781155620803
Goelzer,SMB,Zwally,z82,33518167854.66671,33518167854.66671,1996.0,1997.0,9.702353949059331,0.7750042719440343
Goelzer,SMB,Zwally,z82,33518167854.66671,33518167854.66671,1997.0,1998.0,5.904120583545438,1.0282624461354006
Goelzer,SMB,Zwally,z82,33518167854.66671,33518167854.66671,1998.0,1999.0,-10.598720713363065,2.212619493863585
Goelzer,SMB,Zwally,z82,33518167854.66671,33518167854.66671,1999.0,2000.0,-10.09367181309781,1.6431935003372224
Goelzer,SMB,Zwally,z82,33518167854.66671,33518167854.66671,2000.0,2001.0,1.4703202229949934,1.2923258483119242
Goelzer,SMB,Zwally,z82,33518167854.66671,33518167854.66671,2001.0,2002.0,5.142562493239912,1.508915137157229
Goelzer,SMB,Zwally,z82,33518167854.66671,33518167854.66671,2002.0,2003.0,2.9850294182223824,1.1505468129331664
Goelzer,SMB,Zwally,z82,33518167854.66671,33518167854.66671,2003.0,2004.0,-3.8209930276291377,1.8690569607418444
Goelzer,SMB,Zwally,z82,33518167854.66671,33518167854.66671,2004.0,2005.0,12.767045953714906,0.8564306959985026
Goelzer,SMB,Zwally,z82,33518167854.66671,33518167854.66671,2005.0,2006.0,-7.167919768391629,2.0365038274013663
Goelzer,SMB,Zwally,z82,33518167854.66671,33518167854.66671,2006.0,2007.0,-4.673137682342452,1.775812249851173
Goelzer,SMB,Zwally,z82,33518167854.66671,33518167854.66671,2007.0,2008.0,-21.8152581569346,2.734471778290322
Goelzer,SMB,Zwally,z82,33518167854.66671,33518167854.66671,2008.0,2009.0,-4.579659346844357,1.7560207177648353
Goelzer,SMB,Zwally,z82,33518167854.66671,33518167854.66671,2009.0,2010.0,-20.42945401259053,2.601275249440094
Goelzer,SMB,Zwally,z82,33518167854.66671,33518167854.66671,2010.0,2011.0,-5.249798766879489,1.982050721541237
Goelzer,SMB,Zwally,z82,33518167854.66671,33518167854.66671,2011.0,2012.0,-18.297301123970676,2.803987944674308
Goelzer,SMB,Zwally,z82,33518167854.66671,33518167854.66671,2012.0,2013.0,-15.714369156598984,2.941170639091294
Goelzer,SMB,Zwally,z82,33518167854.66671,33518167854.66671,2013.0,2014.0,3.0262755124224174,1.23146118956177
Goelzer,SMB,Zwally,z82,33518167854.66671,33518167854.66671,2014.0,2015.0,-2.565413803301657,1.8416169043344728
Goelzer,SMB,Zwally,z82,33518167854.66671,33518167854.66671,2015.0,2016.0,-21.11451172210013,2.7728678174018673
Goelzer,SMB,Zwally,z82,33518167854.66671,33518167854.66671,2016.0,2017.0,-5.8310277099564845,2.335310895290632
Goelzer,SMB,Zwally,z82,33518167854.66671,33518167854.66671,2017.0,2018.0,5.689294164296865,1.2688848859829769
Goelzer,SMB,Zwally,z82,33518167854.66671,33518167854.66671,2018.0,2019.0,6.561209103036944,0.903735451042683
Goelzer,SMB,Zwally,z82,33518167854.66671,33518167854.66671,2019.0,2020.0,-21.08224845420746,3.19833216082822
Goelzer,SMB,Zwally,z82,33518167854.66671,33518167854.66671,2020.0,2021.0,-8.961808106592033,2.139711082855249
Participant Surname,Experiment Group,Drainage Region Set,Drainage Region ID,Drainage Region Area (km2),Drainage Region Area Observed (km2),Start Date (decimal years),End Date (decimal years),Rate of Mass Change (Gt/yr),Rate of Mass Change Uncertainty (Gt/yr)
Goelzer,SMB,Zwally,zgr,1722573793731.9875,1722573793731.9875,1991.0,1992.0,432.58494811747505,32.248992404691386
Goelzer,SMB,Zwally,zgr,1722573793731.9875,1722573793731.9875,1992.0,1993.0,557.2417748292637,21.865289389780393
Goelzer,SMB,Zwally,zgr,1722573793731.9875,1722573793731.9875,1993.0,1994.0,404.0180999517033,31.9961039922166
Goelzer,SMB,Zwally,zgr,1722573793731.9875,1722573793731.9875,1994.0,1995.0,284.28377337465486,37.65293612909524
Goelzer,SMB,Zwally,zgr,1722573793731.9875,1722573793731.9875,1995.0,1996.0,292.29213160152193,36.800392848811384
Goelzer,SMB,Zwally,zgr,1722573793731.9875,1722573793731.9875,1996.0,1997.0,632.3731306551693,27.039135488213706
Goelzer,SMB,Zwally,zgr,1722573793731.9875,1722573793731.9875,1997.0,1998.0,571.1952617937586,25.9354390401122
Goelzer,SMB,Zwally,zgr,1722573793731.9875,1722573793731.9875,1998.0,1999.0,240.29720941523655,41.42486762967644
Goelzer,SMB,Zwally,zgr,1722573793731.9875,1722573793731.9875,1999.0,2000.0,376.2700175753033,38.01675243449716
Goelzer,SMB,Zwally,zgr,1722573793731.9875,1722573793731.9875,2000.0,2001.0,448.00597071698195,30.584821668629033
Goelzer,SMB,Zwally,zgr,1722573793731.9875,1722573793731.9875,2001.0,2002.0,491.254676765433,29.762853216405535
Goelzer,SMB,Zwally,zgr,1722573793731.9875,1722573793731.9875,2002.0,2003.0,289.7168691716514,42.935146991686224
Goelzer,SMB,Zwally,zgr,1722573793731.9875,1722573793731.9875,2003.0,2004.0,385.42696874926656,38.282424365899274
Goelzer,SMB,Zwally,zgr,1722573793731.9875,1722573793731.9875,2004.0,2005.0,384.6235793537892,34.390985267373196
Goelzer,SMB,Zwally,zgr,1722573793731.9875,1722573793731.9875,2005.0,2006.0,263.66733377056084,50.235621458351794
Goelzer,SMB,Zwally,zgr,1722573793731.9875,1722573793731.9875,2006.0,2007.0,224.87335264056347,39.820316367379604
Goelzer,SMB,Zwally,zgr,1722573793731.9875,1722573793731.9875,2007.0,2008.0,229.99248438979473,46.07441540396724
Goelzer,SMB,Zwally,zgr,1722573793731.9875,1722573793731.9875,2008.0,2009.0,376.91920863398303,40.108887514806185
Goelzer,SMB,Zwally,zgr,1722573793731.9875,1722573793731.9875,2009.0,2010.0,85.06992318927131,46.822432273708834
Goelzer,SMB,Zwally,zgr,1722573793731.9875,1722573793731.9875,2010.0,2011.0,126.48666327320325,53.21226303045004
Goelzer,SMB,Zwally,zgr,1722573793731.9875,1722573793731.9875,2011.0,2012.0,111.7046806255694,50.396872821045235
Goelzer,SMB,Zwally,zgr,1722573793731.9875,1722573793731.9875,2012.0,2013.0,-4.817021676913609,68.92425686757169
Goelzer,SMB,Zwally,zgr,1722573793731.9875,1722573793731.9875,2013.0,2014.0,426.00107355868,34.888227942039805
Goelzer,SMB,Zwally,zgr,1722573793731.9875,1722573793731.9875,2014.0,2015.0,366.85087047763017,41.466704728093475
Goelzer,SMB,Zwally,zgr,1722573793731.9875,1722573793731.9875,2015.0,2016.0,190.41948748972794,47.34977421453237
Goelzer,SMB,Zwally,zgr,1722573793731.9875,1722573793731.9875,2016.0,2017.0,89.82034653180456,54.59717326691842
Goelzer,SMB,Zwally,zgr,1722573793731.9875,1722573793731.9875,2017.0,2018.0,469.7770821421264,31.18193981649393
Goelzer,SMB,Zwally,zgr,1722573793731.9875,1722573793731.9875,2018.0,2019.0,503.7099784331721,27.95176905278685
Goelzer,SMB,Zwally,zgr,1722573793731.9875,1722573793731.9875,2019.0,2020.0,-82.07460246191678,60.748186425396604
Goelzer,SMB,Zwally,zgr,1722573793731.9875,1722573793731.9875,2020.0,2021.0,377.8756090628965,39.864674172699765
